source_index,Activity.DNS Resolution Time,Activity.Remote Address,Activity.Remote IPs,Activity.Source Ports,Activity.Sub Activity,Activity.TTFB,Activity.Error,Throughput.HTTP_DL,Throughput.Physical_DL,Activity.Band,Extra_KPIs.Attach Delay,LTE - SecondaryCell 1 - SCell1_EARFCN_UL,Activity.LCI,Activity.ARFCN,Activity.Private IP,Activity.Activity,Activity.Connection Reset,Activity.Duplicated ACK,Activity.Duration,Activity.End TimeStamp,Activity.Fast Retransmission,Activity.Out of Order,Activity.Packet Loss Rate,Activity.Power,Activity.Public IP,Activity.Quality,Activity.SINR,Activity.Size,Activity.Spurious Retransmission,Activity.Start TimeStamp,Activity.Status,Activity.TCP Window Update,Activity.Tech,Activity.Throughput,Activity.Throughput WIFI,Extra_KPIs.RRC Connection Setup Time,LTE - SecondaryCell 1 - SCell1_MCS_CW1,LTE - SecondaryCell 1 - SCell1_Modulation_CW1,LTE - SecondaryCell 1 - SCell1_RxAntNum,LTE - SecondaryCell 1 - SCell1_SpatialRank,LTE - SecondaryCell 1 - SCell1_TxAntNum,Extra_KPIs.LTE Handover Interruption Time,Extra_KPIs.ERRC Connection Setup Time,LTE - SecondaryCell 1 - SCell1_1024QAMUsage,LTE - SecondaryCell 1 - SCell1_16QAMUsage,LTE - SecondaryCell 1 - SCell1_256QAMUsage,LTE - SecondaryCell 1 - SCell1_64QAMUsage,LTE - SecondaryCell 1 - SCell1_BLER,LTE - SecondaryCell 1 - SCell1_LayerNum,LTE - SecondaryCell 1 - SCell1_MCS_CW0,LTE - SecondaryCell 1 - SCell1_Modulation_CW0,LTE - SecondaryCell 1 - SCell1_QPSKUsage,LTE - SecondaryCell 1 - SCell1_ResourceBlockNum,LTE - SecondaryCell 1 - SCell1_Throughput,LTE - SecondaryCell 1 - SCell1_ThroughputStream0,LTE - SecondaryCell 1 - SCell1_ThroughputStream1,LTE - SecondaryCell 1 - SCell1_ThroughputStreamAll,LTE - SecondaryCell 1 - SCell1_Rank1Usage,LTE - SecondaryCell 1 - SCell1_Rank2Usage,LTE - SecondaryCell 1 - SCell1_Rank3Usage,LTE - SecondaryCell 1 - SCell1_Rank4Usage,LTE - SecondaryCell 1 - SCell1_CQI_CW1,LTE - SecondaryCell 1 - SCell1_BandWidth_UL,LTE - SecondaryCell 1 - SCell1_CQI,LTE - SecondaryCell 1 - SCell1_CQI_CW0,LTE - SecondaryCell 1 - SCell1_TransMode,LTE - Serving - R15_Support,LTE - SecondaryCell 1 Radio - SCell1_RSRP,LTE - SecondaryCell 1 Radio - SCell1_RSRQ,LTE - SecondaryCell 1 Radio - SCell1_RSSI,LTE - SecondaryCell 1 Radio - SCell1_SINR,LTE - SecondaryCell 1 Radio - SCell1_Frame_Timing_0,LTE - SecondaryCell 1 Radio - SCell1_Frame_Timing_1,LTE - SecondaryCell 1 Radio - SCell1_eNBTxDifference,LTE - SecondaryCell 1 - SCell1_Band,LTE - SecondaryCell 1 - SCell1_BandWidth_DL,LTE - SecondaryCell 1 - SCell1_EARFCN_DL,LTE - SecondaryCell 1 - SCell1_PCI,Extra_KPIs.UMTS Handover Interruption Time,LTE - PrimaryCell - PCell_CQI_CW1,LTE - PrimaryCell - PCell_MCS_CW1,LTE - PrimaryCell - PCell_Modulation_CW1,LTE.RACH.RACH_Latency,LTE.RACH.RACH_Result,LTE.RACH.RACH_Reason,LTE - PrimaryCell - PCell_Rank1Usage,LTE - PrimaryCell - PCell_Rank2Usage,LTE - PrimaryCell - PCell_Rank3Usage,LTE - PrimaryCell - PCell_Rank4Usage,LTE - PrimaryCell - PCell_RxAntNum,LTE - PrimaryCell - PCell_SpatialRank,LTE - PrimaryCell - PCell_TxAntNum,LTE.LTE_Data_KPI.Agg_Throughput_UL,LTE - PrimaryCell - PCell_CQI,LTE - PrimaryCell - PCell_CQI_CW0,LTE - PrimaryCell - PCell_TransMode,LTE - PrimaryCell - PCell_BandWidth_UL,LTE - PrimaryCell - PCell_EARFCN_UL,LTE - PrimaryCell - PCell_1024QAMUsage,LTE - PrimaryCell - PCell_16QAMUsage,LTE - PrimaryCell - PCell_256QAMUsage,LTE - PrimaryCell - PCell_64QAMUsage,LTE - PrimaryCell - PCell_BLER,LTE - PrimaryCell - PCell_LayerNum,LTE - PrimaryCell - PCell_MCS_CW0,LTE - PrimaryCell - PCell_Modulation_CW0,LTE - PrimaryCell - PCell_QPSKUsage,LTE - PrimaryCell - PCell_ResourceBlockNum,LTE - PrimaryCell - PCell_Throughput,LTE - PrimaryCell - PCell_ThroughputStream0,LTE - PrimaryCell - PCell_ThroughputStream1,LTE - PrimaryCell - PCell_ThroughputStreamAll,LTE.DownlinkMeasurements.Throughput_DL,LTE.LTE_Data_KPI.Agg_Throughput_DL,LTE - PrimaryCell - PCell_BandWidth_DL,LTE - Serving - BandWidth_DL,LTE.LTE_Data_KPI.Agg_Bandwidth_DL,LTE - PrimaryCell - PCell_Band,LTE - PrimaryCell - PCell_EARFCN_DL,LTE - PrimaryCell - PCell_PCI,LTE - PrimaryCell Radio - PCell_RSRQ,LTE - PrimaryCell Radio - PCell_RSSI,LTE - PrimaryCell Radio - PCell_SINR,LTE - PrimaryCell Radio - RSRP,LTE - Serving - Band,LTE - Serving - EARFCN_DL,LTE - Serving - PCI,LTE.DedicatedRadioLink.CarrierCount,LTE - Serving - ECI,LTE - Serving - EnodeBID,LTE - Serving - LCI,LTE - Serving - MCC,LTE - Serving - MNC,LTE - Serving - TAC,LTE.LTE_Data_KPI.Agg_RB_DL,LTE.LTE_Data_KPI.Agg_RB_UL,Events.subject,Events.description,WCDMA - WCDMACellsTable(3) - Band,WCDMA - WCDMACellsTable(3) - EcNo,WCDMA - WCDMACellsTable(3) - EcNo Before RAKE,WCDMA - WCDMACellsTable(3) - PSC,WCDMA - WCDMACellsTable(3) - RSCP,WCDMA - WCDMACellsTable(3) - RSCP After RAKE,WCDMA - WCDMACellsTable(3) - Set_Type,WCDMA - WCDMACellsTable(3) - UARFCN,Events.Tech,Events.Timestamp,Events.category,Events.titles,WCDMA - WCDMACellsTable(2) - Band,WCDMA - WCDMACellsTable(2) - EcNo,WCDMA - WCDMACellsTable(2) - EcNo Before RAKE,WCDMA - WCDMACellsTable(2) - PSC,WCDMA - WCDMACellsTable(2) - RSCP,WCDMA - WCDMACellsTable(2) - RSCP After RAKE,WCDMA - WCDMACellsTable(2) - Set_Type,WCDMA - WCDMACellsTable(2) - UARFCN,Extra_KPIs.CSFB RAT,Extra_KPIs.Call RAT,WCDMA - WCDMACellsTable(1) - Band,WCDMA - WCDMACellsTable(1) - EcNo,WCDMA - WCDMACellsTable(1) - EcNo Before RAKE,WCDMA - WCDMACellsTable(1) - PSC,WCDMA - WCDMACellsTable(1) - RSCP,WCDMA - WCDMACellsTable(1) - RSCP After RAKE,WCDMA - WCDMACellsTable(1) - Set_Type,WCDMA - WCDMACellsTable(1) - UARFCN,WCDMA - DownlinkMeasurements - RSCP_Strongest_Neighbor_2nd,WCDMA - WCDMACellsTable(0) - Band,WCDMA - WCDMACellsTable(0) - EcNo,WCDMA - WCDMACellsTable(0) - EcNo Before RAKE,WCDMA - WCDMACellsTable(0) - PSC,WCDMA - WCDMACellsTable(0) - RSCP,WCDMA - WCDMACellsTable(0) - RSCP After RAKE,WCDMA - WCDMACellsTable(0) - UARFCN,WCDMA - Serving - RAI,WCDMA - Serving - ServiceType,WCDMA - Serving - LAC,WCDMA - DownlinkMeasurements - RSCP_Strongest_Neighbor_1st,WCDMA - UplinkMeasurements - RACHAICHStatus,WCDMA - UplinkMeasurements - RACHAICHTiming,WCDMA - UplinkMeasurements - RACHMsgLength,WCDMA - UplinkMeasurements - RACHPreambleCount,WCDMA - UplinkMeasurements - RACHSubChannel,WCDMA - UplinkMeasurements - RACHTxPower,WCDMA - UplinkMeasurements - RACHMaxTxPower,WCDMA - UplinkMeasurements - RACHPreambleOffset,WCDMA - UplinkMeasurements - RACHPreamblesCountMax,WCDMA - ServingCell - URA_Identity,WCDMA - UplinkMeasurements - Uu_UL_Interference,WCDMA - DownlinkMeasurements - SIR,WCDMA - DownlinkMeasurements - TxPowerCommandDL,WCDMA - DownlinkMeasurements - TxPowerCommandUL,WCDMA - Serving - CI,WCDMA - Serving - LCI,WCDMA - Serving - RNCID,WCDMA - Serving - MCC,WCDMA - Serving - MNC,WCDMA - DownlinkMeasurements - PowerControlAlgorithm,WCDMA - DownlinkMeasurements - TPCStepSize,WCDMA - DownlinkMeasurements - BLER_DL,WCDMA - DownlinkMeasurements - TxPower,WCDMA - DownlinkMeasurements - EcNo,WCDMA - DownlinkMeasurements - EcNo Before RAKE,WCDMA - DownlinkMeasurements - RSCP,WCDMA - DownlinkMeasurements - RSCP After RAKE,WCDMA - DownlinkMeasurements - RSSI,WCDMA - ServingCell - BandIndicator,WCDMA - ServingCell - PSC,WCDMA - ServingCell - UARFCN_DL,WCDMA - ServingCell - UARFCN_UL,WCDMA - ServingCell - Active_set_num,Location - Accuracy,Location - Altitude,Location - Latitude,Location - Longitude,Location - Speed,PCAP.Connection_reset,PCAP.TCP_window_update,PCAP.dns_time,PCAP.duplicate_ack,PCAP.fast_retransmission,PCAP.initial_rtt,PCAP.out_of_order,PCAP.pkt_loss,PCAP.rtt,PCAP.spurious_retransmission,id,imsi,timestamp,id_imsi,id_session_time_raw,id_route_test_label,id_log_time_raw,id_session_time,id_log_time,id_location_label,id_test_type,date,hour,minute,sample_gap_seconds,session_elapsed_seconds,Activity.Start TimeStamp_parsed,Activity.End TimeStamp_parsed,activity_duration_seconds_from_timestamps,has_valid_location,prev_lat,prev_lon,distance_from_prev_m,latitude,longitude,speed,location_accuracy,altitude,actual_lte_dl_throughput,serving_pci,serving_earfcn,serving_band,serving_eci,serving_enodebid,serving_lci,lte_rsrp,lte_rsrq,lte_sinr,lte_rssi,lte_cqi,lte_mcs,lte_bler,lte_rank,lte_rb_count,lte_agg_rb_dl,lte_bandwidth_dl,lte_agg_bandwidth_dl,carrier_count,scell1_rsrp,scell1_rsrq,scell1_sinr,scell1_cqi,scell1_mcs,scell1_bler,scell1_rb_count,rach_latency,rach_result,rach_reason,has_lte_measurement,has_lte_dl_throughput,is_download_test,download_activity_window_raw_flag,download_analysis_window_flag,download_context_label,inactive_download_context_flag,rsrp_bin,rsrq_bin,sinr_bin,poor_rsrp_flag,poor_rsrq_flag,poor_sinr_flag,high_bler_flag,low_cqi_flag,low_rb_allocation_flag,neighbor_count,best_neighbor_rsrp,strong_neighbor_count,serving_minus_best_neighbor_rsrp,neighbor_pci_count,any_event_count_prev30s,near_any_event_prev_flag,any_event_count_pm30s,near_any_event_flag,measurement_report_event_count_prev5s,near_measurement_report_event_prev_flag,measurement_report_event_count_pm5s,near_measurement_report_event_flag,handover_execution_count_prev5s,near_handover_execution_prev_flag,handover_execution_count_pm5s,near_handover_execution_flag,handover_failure_count_prev10s,near_handover_failure_prev_flag,handover_failure_count_pm10s,near_handover_failure_flag,rach_attempt_count_prev10s,near_rach_attempt_prev_flag,rach_attempt_count_pm10s,near_rach_attempt_flag,rach_failure_count_prev10s,near_rach_failure_prev_flag,rach_failure_count_pm10s,near_rach_failure_flag,ca_activation_change_count_prev10s,near_ca_activation_change_prev_flag,ca_activation_change_count_pm10s,near_ca_activation_change_flag,failure_other_count_prev10s,near_failure_other_prev_flag,failure_other_count_pm10s,near_failure_other_flag,handover_mobility_count_pm5s,near_handover_mobility_flag,ca_change_count_pm10s,near_ca_change_flag,rach_count_pm10s,near_rach_flag,rach_failure_direct_flag,ca_condition_label,rb_usage_evidence_reliable_flag,reliable_rb_columns,rb_reference_column,rb_usage_value,rb_low_usage_threshold,rb_medium_usage_threshold,rb_high_usage_threshold,rb_low_usage_flag,rb_medium_or_high_usage_flag,rb_high_usage_flag,rb_usage_bucket,rb_demand_confidence,estimated_available_rb,rb_capacity_estimation_method,rb_utilization_pct,lte_agg_rb_dl_bin,ml_hour_sin,ml_hour_cos,rb_utilization_pct_clipped,rb_demand_confidence_ml,ml_log1p_measurement_report_event_count_prev5s,ml_log1p_handover_execution_count_prev5s,ml_log1p_handover_failure_count_prev10s,ml_log1p_rach_attempt_count_prev10s,ml_log1p_rach_failure_count_prev10s,ml_log1p_ca_activation_change_count_prev10s,ml_log1p_failure_other_count_prev10s,ml_tp_log_lag_1,ml_tp_log_lag_2,ml_tp_log_lag_3,ml_tp_log_lag_5,ml_tp_log_lag_10,ml_tp_log_past_median_5,ml_tp_log_past_mean_10,ml_tp_log_past_slope_5,ml_rsrp_lag_1,ml_rsrp_past_mean_5,ml_sinr_lag_1,ml_sinr_past_mean_5,ml_rb_lag_1,ml_rb_past_mean_5,ml_bler_lag_1,ml_bler_past_mean_5,ml_cqi_lag_1,ml_cqi_past_mean_5,ml_temporal_history_count,expected_tp_ml_hgb_resource_q50,expected_tp_ml_hgb_temporal_q50,expected_tp_ml_q75_resource,expected_tp_ml_lstm_q50,ml_hgb_resource_gap_mbps,ml_hgb_resource_ratio,ml_hgb_resource_log_residual,ml_hgb_resource_residual_percentile,ml_hgb_temporal_gap_mbps,ml_hgb_temporal_ratio,ml_hgb_temporal_log_residual,ml_hgb_temporal_residual_percentile,ml_q75_resource_gap_mbps,ml_q75_resource_ratio,ml_q75_resource_log_residual,ml_q75_resource_residual_percentile,ml_lstm_q50_gap_mbps,ml_lstm_q50_ratio,ml_lstm_q50_log_residual,ml_lstm_q50_residual_percentile,ml_resource_expected_tp,ml_temporal_expected_tp,ml_best_expected_tp,ml_best_gap_mbps,ml_best_ratio,ml_low_expected_context_flag,ml_q75_resource_magnitude_flag,ml_q75_resource_residual_evidence_flag,ml_q75_resource_underperformance_flag,ml_q75_resource_severe_underperformance_flag,ml_hgb_resource_magnitude_flag,ml_hgb_resource_residual_evidence_flag,ml_hgb_resource_underperformance_flag,ml_hgb_resource_severe_underperformance_flag,ml_hgb_temporal_magnitude_flag,ml_hgb_temporal_residual_evidence_flag,ml_hgb_temporal_underperformance_flag,ml_hgb_temporal_severe_underperformance_flag,ml_lstm_q50_magnitude_flag,ml_lstm_q50_residual_evidence_flag,ml_lstm_q50_underperformance_flag,ml_lstm_q50_severe_underperformance_flag,ml_resource_family_flag,ml_temporal_family_flag,ml_iforest_raw_flag,ml_iforest_anomaly_strength,ml_iforest_context_flag,ml_iforest_confirmed_underperformance_flag,ml_q75_resource_evidence_0_1,ml_hgb_resource_evidence_0_1,ml_hgb_temporal_evidence_0_1,ml_lstm_evidence_0_1,ml_iforest_evidence_0_1,ml_resource_family_evidence_0_1,ml_temporal_family_evidence_0_1,ml_lstm_context_evidence_0_1,ml_iforest_context_evidence_0_1,ml_capability_family_flag,ml_capability_family_evidence_0_1,ml_residual_space_family_flag,ml_residual_family_evidence_0_1,ml_independent_trigger_count,ml_detection_confidence_0_100,ml_impact_score_0_100,ml_anomaly_score_raw_0_100,ml_anomaly_candidate_flag,ml_single_family_strong_flag,is_ml_throughput_anomaly,ml_requires_human_review_flag,ml_anomaly_score_0_100,ml_catastrophic_flag,ml_anomaly_type,ml_validation_context_flags,ml_anomaly_severity
32148,,,,,,,,8.297154061033853,3.945781944618129,,,,,,,,,,,,,,,,,,,,,,,,,,,,,,,,,,,,,,,,,,,,,,,,,,,,,,,,,,,,,,,,,,,,,,,9.137996324816282,13.109259646793175,16QAM,12.141797820545738,Success,Radio link Failure,-1.7906618055315828,99.73872890417269,-0.010866225075608964,-0.002755243033286637,3.944812547098738,2.009355408389461,1.9590924350475043,0.006308020152934628,8.8281383605736,9.021286289593476,TM4-CL SM,19.93472172760955,40914.847277605986,-8.962947270193794e-10,86.2603230117053,0.17281664446494416,0.7744561695511117,10.20449078157844,1.004813352096704,12.43789202488245,16QAM,13.497747362978897,90.61695289884943,2.661075801559801,0.9747019297217665,0.7185410757331426,1.459091693091312,2.0419643412641912,1.7817510034371196,20.036855461897844,19.92276169339888,19.627029249918976,41.215727696671685,40610.37629554525,283.74655545824,-10.253504073624757,-76.77019411706466,7.666736843563143,-108.11317235803953,40.87799289236326,41339.44257763383,275.9911311829387,1.0078897194232137,999572.8059131979,4173.936102130793,62.99053935418479,542.0000000005941,2.000000000086082,10.167282828414693,94.2020555342605,26.732717139327487,nan$$$$nan$$$$nan$$$$nan$$$$nan$$$$nan$$$$nan$$$$nan$$$$nan$$$$nan$$$$nan$$$$nan$$$$nan$$$$nan$$$$nan,"Timeout$$$$EARFCN:40988, PCI: 145$$$$handoverFailure$$$$$$$$$$$$$$$$$$$$$$$$$$$$$$$$$$$$$$$${
  ""reportConfig"" : {
    ""reportConfigId"" : ""9"",
    ""reportConfig -> reportConfigEUTRA"" : {
      ""triggerType -> event"" : {
        ""eventId -> eventA1"" : {
          ""a1-Threshold -> threshold-RSRP"" : ""-115.0 dBm (25)""
        },
        ""hysteresis"" : ""0"",
        ""timeToTrigger"" : ""ms640""
      },
      ""triggerQuantity"" : ""rsrp"",
      ""reportQuantity"" : ""both"",
      ""maxReportCells"" : ""1"",
      ""reportInterval"" : ""ms480"",
      ""reportAmount"" : ""r1""
    }
  },
  ""measObject"" : [ {
    ""cellIndex"" : ""1"",
    ""physCellId"" : ""145"",
    ""cellIndividualOffset"" : ""dB0""
  } ],
  ""measResult"" : {
    ""measResultPCell"" : {
      ""rsrpResult"" : ""-103.0 dBm (37)"",
      ""rsrqResult"" : ""-11.0 dB (18)""
    }
  }
}
$$$${
  ""reportConfig"" : {
    ""reportConfigId"" : ""11"",
    ""reportConfig -> reportConfigEUTRA"" : {
      ""triggerType -> event"" : {
        ""eventId -> eventA1"" : {
          ""a1-Threshold -> threshold-RSRQ"" : ""-13.0 dB (14)""
        },
        ""hysteresis"" : ""0"",
        ""timeToTrigger"" : ""ms640""
      },
      ""triggerQuantity"" : ""rsrq"",
      ""reportQuantity"" : ""both"",
      ""maxReportCells"" : ""1"",
      ""reportInterval"" : ""ms480"",
      ""reportAmount"" : ""r1""
    }
  },
  ""measResult"" : {
    ""measResultPCell"" : {
      ""rsrpResult"" : ""-103.0 dBm (37)"",
      ""rsrqResult"" : ""-11.0 dB (18)""
    }
  }
}
$$$${
  ""reportConfig"" : {
    ""reportConfigId"" : ""8"",
    ""reportConfig -> reportConfigEUTRA"" : {
      ""triggerType -> event"" : {
        ""eventId -> eventA3"" : {
          ""a3-Offset"" : ""-13"",
          ""reportOnLeave"" : ""true""
        },
        ""hysteresis"" : ""4"",
        ""timeToTrigger"" : ""ms640""
      },
      ""triggerQuantity"" : ""rsrp"",
      ""reportQuantity"" : ""both"",
      ""maxReportCells"" : ""8"",
      ""reportInterval"" : ""ms5120"",
      ""reportAmount"" : ""infinity""
    }
  },
  ""measResult"" : {
    ""measResultPCell"" : {
      ""rsrpResult"" : ""-105.0 dBm (35)"",
      ""rsrqResult"" : ""-11.5 dB (17)""
    },
    ""measResult1stNbr"" : {
      ""physCellId"" : ""288"",
      ""measResult"" : {
        ""rsrpResult"" : ""-107.0 dBm (33)"",
        ""rsrqResult"" : ""-12.5 dB (15)""
      }
    }
  }
}
",,,,,,,,,LTE$$$$LTE$$$$LTE$$$$LTE$$$$LTE$$$$LTE$$$$LTE$$$$LTE$$$$LTE$$$$LTE$$$$LTE$$$$LTE$$$$LTE$$$$LTE$$$$LTE,2025-08-26T23:39:19.074323+02:00$$$$2025-08-26T23:39:19.228568+02:00$$$$2025-08-26T23:39:19.315916+02:00$$$$2025-08-26T23:39:19.315932+02:00$$$$2025-08-26T23:39:19.316119+02:00$$$$2025-08-26T23:39:19.316139+02:00$$$$2025-08-26T23:39:19.316154+02:00$$$$2025-08-26T23:39:19.316224+02:00$$$$2025-08-26T23:39:19.316233+02:00$$$$2025-08-26T23:39:19.316502+02:00$$$$2025-08-26T23:39:19.366688+02:00$$$$2025-08-26T23:39:19.460007+02:00$$$$2025-08-26T23:39:20.151000+02:00$$$$2025-08-26T23:39:20.152000+02:00$$$$2025-08-26T23:39:20.967000+02:00,Network$$$$Network$$$$Network$$$$Network$$$$Network$$$$Network$$$$Network$$$$Network$$$$Network$$$$Network$$$$Network$$$$Network$$$$Network$$$$Network$$$$Network,LTE Handover Failure$$$$LTE Cell Selection$$$$LTE Radio Link Failure$$$$LTE RACH Attempt$$$$LTE RACH Msg1$$$$LTE RACH Msg2$$$$LTE RACH Msg3$$$$LTE RACH Msg4$$$$LTE RACH Complete$$$$ERRC Connection Reestablishment Complete$$$$LTE CA Init$$$$LTE CA Complete$$$$Event A1$$$$Event A1$$$$Event A3,,,,,,,,,,,,,,,,,,,,,,,,,,,,,,,,,,,,,,,,,,,,,,,,,,,,,,,,,,,,,,,-0.0409920563790963,9.916566904320698,72.62079300068906,-17.814574723678042,177.39675112510386,0.03364683299504829,-1.2036232911420814e-09,1.6698487702726442e-09,-9.703633092463007e-11,4.4306068230291875e-10,-8.015065138440905e-11,6.583131644067837e-11,-1.366406842023156e-09,-8.258875687523938e-12,1.9925089632424815e-09,5.528999435923727e-10,542020041221088+20250827094025+Fiji-Nadi-LTE-DL-D!20250827093942,542020041221088.0,2025-08-26 23:39:20+02:00,542020041221088,20250827094025,Fiji-Nadi-LTE-DL-D,20250827093942,2025-08-27 09:40:25,2025-08-27 09:39:42,Fiji-Nadi,DL-D,2025-08-26,23,39,1.0,100.0,,,,True,-17.813212823384,177.39656640511387,152.69398253535573,-17.814574723678042,177.39675112510386,0.03364683299504829,9.916566904320698,72.62079300068906,1.7817510034371196,275.9911311829387,41339.44257763383,40.87799289236326,999572.8059131979,4173.936102130793,62.99053935418479,-108.11317235803953,-10.253504073624757,7.666736843563143,-76.77019411706466,8.8281383605736,12.43789202488245,10.20449078157844,2.009355408389461,90.61695289884943,94.2020555342605,19.92276169339888,19.627029249918976,1.0078897194232137,,,,,,,,12.141797820545738,Success,Radio link Failure,True,True,True,False,False,outside_download_activity,True,Fair,Good,Fair,False,False,False,True,False,False,0,,0,,0,0,False,0,False,0,False,0,False,0,False,0,False,0,False,0,False,0,False,0,False,0,False,0,False,0,False,0,False,0,False,0,False,0,False,0,False,0,False,False,unknown_carrier_count,True,lte_rb_count;lte_agg_rb_dl,lte_agg_rb_dl,94.2020555342605,86.74455260159908,93.7799316942077,160.64413438518753,False,True,False,medium_rb_usage,medium,100.0,aggregate_bandwidth,94.2020555342605,50-100,-0.25881904510252157,0.9659258262890681,94.2020555342605,medium,0.0,0.0,0.0,0.0,0.0,0.0,0.0,3.4074725671888904,3.4527497262254365,3.527332288840868,3.3761109177935436,3.413085476987157,3.4074725671888904,3.2873697271239495,0.0078404123488367,-116.36672144940293,-114.76068047421923,7.680871547845355,8.167091665106705,90.8424057978337,90.22693511708398,6.726099464767184,5.158381923672492,8.82397844854241,9.614526554892995,20,26.973447506415546,28.983100618513546,35.81254524962448,,25.191696502978427,0.06605573881549015,-2.308175170131683,0.0024271844660194173,27.201349615076428,0.061475513848197105,-2.377553323448584,0.0024271844660194173,34.030794246187355,0.04975214665748458,-2.582758103825747,0.0024271844660194173,,,,,31.392996378020012,28.983100618513546,35.81254524962448,34.030794246187355,0.04975214665748458,False,True,True,True,True,True,True,True,False,True,True,True,False,False,False,False,False,True,True,True,0.03706216247908434,True,True,0.7016588257561132,0.6397980409236563,0.6653851617586153,0.0,1.0,0.6314929431805019,0.6321159036706845,0.0,0.55,False,0.0,False,0.0,2,97.44,69.27,81.95,True,False,True,True,81.95,False,ml_severe_quantile_p75_resource_underperformance,iforest_context_support,High
32466,,,,,,,,,,,,,,,,,,,,,,,,,,,,,,,,,,,,,19.112096720541945,64QAM,0.9239154207373765,1.9852326116170704,2.0212672007882215,,,-3.043124560428977e-10,3.9085495321002552,0.4943045192762707,100.50580122091101,1.9923182338552334,1.9571868000125434,21.120142133583613,64QAM,0.4532438842103844,52.177389710801826,1.6303149923351863,1.330753777166587,0.5543023169977872,1.3231448364209053,48.99716831504667,49.55435056763404,-0.005514265666467485,-0.027574613908721273,13.167802314142602,19.999999999468123,13.25295731606102,13.780045217376648,TM4-CL SM,,-102.43879657584833,-8.937836281856374,-74.02934530855642,13.146695718506995,94684.19546711177,92341.9098901849,4.066522421493065,40.66958138629062,20.001351887428786,41112.593160968914,158.0724730617462,,14.252618217521897,22.11209402213343,64QAM,,,,2.372164561216497,99.89447449294748,-0.009083855446990833,-0.004311703859263628,4.030626547844337,1.9703537419257982,1.9990371442171748,0.33132384619099114,14.157397081378035,13.918370371236689,TM4-CL SM,20.127020485576786,41652.55453448925,-5.446640277296745e-10,2.653778103023102,0.16984206159634838,98.3507480075497,2.8285581780800624,2.036214602312301,21.769842582236567,64QAM,-1.0412571785512241,53.81976036782195,9.549398183236843,4.558838561748174,4.488363029509308,9.743629387206104,11.84830685482456,10.47316131316343,19.99894124758183,20.100845475467324,39.50055890912173,41.35473900598811,41892.00519532053,143.38271821867747,-7.291276040797898,-74.46689426599455,18.14112753038744,-101.83100680256766,42.03250378911671,40271.018450826414,147.19439294927932,2.0396318812878165,1121398.265881492,4210.055948395755,50.57810231249572,542.000000000127,2.000000001105566,9.997739127978935,106.1960670084834,11.07298673548396,,,,,,,,,,,,,,,,,,,,,,,,,,,,,,,,,,,,,,,,,,,,,,,,,,,,,,,,,,,,,,,,,,,,,,,,,,,,,,9.960991186909272,75.35813363747381,-17.81521875462203,177.39913647424785,-0.36449906043605096,1.5058513564062803e-09,-1.4164225295119453e-09,-5.134405682554168e-10,3.8887588738931625e-11,4.3513995252566044e-10,-6.255027679436835e-10,3.017773692401429e-10,1.0380453961552649e-09,-8.815764052558723e-10,5.394130442488258e-10,542020041221088+20250827094925+Fiji-Nadi-LTE-DL-D!20250827094611,542020041221088.0,2025-08-26 23:45:52+02:00,542020041221088,20250827094925,Fiji-Nadi-LTE-DL-D,20250827094611,2025-08-27 09:49:25,2025-08-27 09:46:11,Fiji-Nadi,DL-D,2025-08-26,23,45,2.0,104.0,,,,True,-17.81106912075877,177.39930696525218,461.77173704402395,-17.81521875462203,177.39913647424785,-0.36449906043605096,9.960991186909272,75.35813363747381,10.47316131316343,147.19439294927932,40271.018450826414,42.03250378911671,1121398.265881492,4210.055948395755,50.57810231249572,-101.83100680256766,-7.291276040797898,18.14112753038744,-74.46689426599455,14.157397081378035,21.769842582236567,2.8285581780800624,1.9703537419257982,53.81976036782195,106.1960670084834,20.100845475467324,39.50055890912173,2.0396318812878165,-102.43879657584833,-8.937836281856374,13.146695718506995,13.25295731606102,21.120142133583613,1.9923182338552334,52.177389710801826,,,,True,True,True,False,False,outside_download_activity,True,Fair,Excellent,Excellent,False,False,False,False,False,False,0,,0,,0,0,False,0,False,0,False,0,False,0,False,0,False,0,False,0,False,0,False,0,False,0,False,0,False,0,False,0,False,0,False,0,False,0,False,0,False,0,False,False,unknown_carrier_count,True,lte_rb_count;lte_agg_rb_dl,lte_agg_rb_dl,106.1960670084834,86.74455260159908,93.7799316942077,160.64413438518753,False,True,False,medium_rb_usage,medium,203.96318812878164,fallback_100rb_per_carrier,52.066290972776706,100-150,-0.25881904510252157,0.9659258262890681,52.066290972776706,medium,0.0,0.0,0.0,0.0,0.0,0.0,0.0,4.812205448807039,4.542985828866684,0.6402941153631968,5.04034100015642,4.404152874622336,4.715155766857177,3.8322957105967568,-0.05703388783734531,-103.00540395365627,-102.78227903625714,18.719540152929284,17.088385183189256,166.8652787497675,152.49827211723377,4.065787813690605,3.344401390007692,13.904568276667147,13.505899822128953,20,33.41491410058039,28.526951393122015,56.767006033820884,,22.94175278741696,0.3134277491074418,-1.0984795108986591,0.012135922330097087,18.053790079958585,0.3671321610513404,-0.9452929438470683,0.012135922330097087,46.293844720657454,0.1844938115447499,-1.6164072738674777,0.014563106796116505,,,,,45.09096006720064,28.526951393122015,56.767006033820884,46.293844720657454,0.1844938115447499,False,True,True,True,False,True,True,True,False,True,True,True,False,False,False,False,False,True,True,False,0.0,False,False,0.6133839122366114,0.38210623678063466,0.3730432053197013,0.0,0.0,0.5520455210129502,0.3543910450537162,0.0,0.0,False,0.0,False,0.0,2,82.08,50.67,64.8,True,False,True,True,64.8,False,ml_quantile_p75_resource_underperformance,none,Medium
