category,file,path
preprocessing,activity_table.csv,Throughput_Anomaly_Detection_Outputs\01_preprocessing_cleaning\activity_table.csv
preprocessing,activity_type_summary.csv,Throughput_Anomaly_Detection_Outputs\01_preprocessing_cleaning\activity_type_summary.csv
preprocessing,canonical_column_mapping.csv,Throughput_Anomaly_Detection_Outputs\01_preprocessing_cleaning\canonical_column_mapping.csv
preprocessing,cleaned_throughput_data_dictionary.csv,Throughput_Anomaly_Detection_Outputs\01_preprocessing_cleaning\cleaned_throughput_data_dictionary.csv
preprocessing,cleaning_summary.csv,Throughput_Anomaly_Detection_Outputs\01_preprocessing_cleaning\cleaning_summary.csv
preprocessing,column_family_summary_after_cleaning.csv,Throughput_Anomaly_Detection_Outputs\01_preprocessing_cleaning\column_family_summary_after_cleaning.csv
preprocessing,column_family_summary_before_cleaning.csv,Throughput_Anomaly_Detection_Outputs\01_preprocessing_cleaning\column_family_summary_before_cleaning.csv
preprocessing,download_activity_intervals_used.csv,Throughput_Anomaly_Detection_Outputs\01_preprocessing_cleaning\download_activity_intervals_used.csv
preprocessing,download_activity_window_summary.csv,Throughput_Anomaly_Detection_Outputs\01_preprocessing_cleaning\download_activity_window_summary.csv
preprocessing,drive_clean_throughput_base.csv.gz,Throughput_Anomaly_Detection_Outputs\01_preprocessing_cleaning\drive_clean_throughput_base.csv.gz
preprocessing,event_feature_causality_audit.csv,Throughput_Anomaly_Detection_Outputs\01_preprocessing_cleaning\event_feature_causality_audit.csv
preprocessing,event_summary_event_family.csv,Throughput_Anomaly_Detection_Outputs\01_preprocessing_cleaning\event_summary_event_family.csv
preprocessing,event_summary_Events_category.csv,Throughput_Anomaly_Detection_Outputs\01_preprocessing_cleaning\event_summary_Events_category.csv
preprocessing,event_summary_Events_subject.csv,Throughput_Anomaly_Detection_Outputs\01_preprocessing_cleaning\event_summary_Events_subject.csv
preprocessing,event_summary_Events_Tech.csv,Throughput_Anomaly_Detection_Outputs\01_preprocessing_cleaning\event_summary_Events_Tech.csv
preprocessing,event_summary_Events_titles.csv,Throughput_Anomaly_Detection_Outputs\01_preprocessing_cleaning\event_summary_Events_titles.csv
preprocessing,events_long.csv,Throughput_Anomaly_Detection_Outputs\01_preprocessing_cleaning\events_long.csv
preprocessing,kept_columns_after_cleaning.csv,Throughput_Anomaly_Detection_Outputs\01_preprocessing_cleaning\kept_columns_after_cleaning.csv
preprocessing,lte_dl_feature_table_clean_pre_anomaly.parquet,Throughput_Anomaly_Detection_Outputs\01_preprocessing_cleaning\lte_dl_feature_table_clean_pre_anomaly.parquet
preprocessing,lte_dl_modeling_table.parquet,Throughput_Anomaly_Detection_Outputs\01_preprocessing_cleaning\lte_dl_modeling_table.parquet
preprocessing,missing_threshold_impact.csv,Throughput_Anomaly_Detection_Outputs\01_preprocessing_cleaning\missing_threshold_impact.csv
preprocessing,output_index.csv,Throughput_Anomaly_Detection_Outputs\01_preprocessing_cleaning\output_index.csv
preprocessing,pre_anomaly_feature_table_leakage_guard.csv,Throughput_Anomaly_Detection_Outputs\01_preprocessing_cleaning\pre_anomaly_feature_table_leakage_guard.csv
preprocessing,pre_anomaly_leakage_guard_validation_summary.csv,Throughput_Anomaly_Detection_Outputs\01_preprocessing_cleaning\pre_anomaly_leakage_guard_validation_summary.csv
preprocessing,preprocessing_run_metadata.json,Throughput_Anomaly_Detection_Outputs\01_preprocessing_cleaning\preprocessing_run_metadata.json
preprocessing,raw_data_dictionary.csv,Throughput_Anomaly_Detection_Outputs\01_preprocessing_cleaning\raw_data_dictionary.csv
preprocessing,rb_usage_quality_summary.csv,Throughput_Anomaly_Detection_Outputs\01_preprocessing_cleaning\rb_usage_quality_summary.csv
preprocessing,removed_columns_reason_summary.csv,Throughput_Anomaly_Detection_Outputs\01_preprocessing_cleaning\removed_columns_reason_summary.csv
preprocessing,removed_columns_report.csv,Throughput_Anomaly_Detection_Outputs\01_preprocessing_cleaning\removed_columns_report.csv
preprocessing,sampling_gap_validation_summary.csv,Throughput_Anomaly_Detection_Outputs\01_preprocessing_cleaning\sampling_gap_validation_summary.csv
preprocessing,throughput_by_ca_condition_summary.csv,Throughput_Anomaly_Detection_Outputs\01_preprocessing_cleaning\throughput_by_ca_condition_summary.csv
preprocessing,throughput_by_download_context_summary.csv,Throughput_Anomaly_Detection_Outputs\01_preprocessing_cleaning\throughput_by_download_context_summary.csv
preprocessing,throughput_by_rb_demand_summary.csv,Throughput_Anomaly_Detection_Outputs\01_preprocessing_cleaning\throughput_by_rb_demand_summary.csv
statistical_csv,anomaly_flag_overlap_summary.csv,Throughput_Anomaly_Detection_Outputs\02_anomaly_detection\01_statistical_csv\anomaly_flag_overlap_summary.csv
statistical_csv,anomaly_method_summary.csv,Throughput_Anomaly_Detection_Outputs\02_anomaly_detection\01_statistical_csv\anomaly_method_summary.csv
statistical_csv,anomaly_percentage_qc_review.csv,Throughput_Anomaly_Detection_Outputs\02_anomaly_detection\01_statistical_csv\anomaly_percentage_qc_review.csv
statistical_csv,anomaly_score_distribution_qc.csv,Throughput_Anomaly_Detection_Outputs\02_anomaly_detection\01_statistical_csv\anomaly_score_distribution_qc.csv
statistical_csv,anomaly_summary_by_serving_pci.csv,Throughput_Anomaly_Detection_Outputs\02_anomaly_detection\01_statistical_csv\anomaly_summary_by_serving_pci.csv
statistical_csv,anomaly_summary_by_type_severity.csv,Throughput_Anomaly_Detection_Outputs\02_anomaly_detection\01_statistical_csv\anomaly_summary_by_type_severity.csv
statistical_csv,expected_throughput_group_p75.csv,Throughput_Anomaly_Detection_Outputs\02_anomaly_detection\01_statistical_csv\expected_throughput_group_p75.csv
statistical_csv,expected_throughput_group_radio_p75.csv,Throughput_Anomaly_Detection_Outputs\02_anomaly_detection\01_statistical_csv\expected_throughput_group_radio_p75.csv
statistical_csv,expected_throughput_group_rb_conditioned_p75.csv,Throughput_Anomaly_Detection_Outputs\02_anomaly_detection\01_statistical_csv\expected_throughput_group_rb_conditioned_p75.csv
statistical_csv,lte_dl_anomaly_audit_table_post_scoring.parquet,Throughput_Anomaly_Detection_Outputs\02_anomaly_detection\01_statistical_csv\lte_dl_anomaly_audit_table_post_scoring.parquet
statistical_csv,lte_dl_session_anomaly_summary.csv,Throughput_Anomaly_Detection_Outputs\02_anomaly_detection\01_statistical_csv\lte_dl_session_anomaly_summary.csv
statistical_csv,lte_throughput_anomalies_baseline.csv,Throughput_Anomaly_Detection_Outputs\02_anomaly_detection\01_statistical_csv\lte_throughput_anomalies_baseline.csv
statistical_csv,lte_throughput_anomaly_candidates_all.csv,Throughput_Anomaly_Detection_Outputs\02_anomaly_detection\01_statistical_csv\lte_throughput_anomaly_candidates_all.csv
statistical_csv,lte_throughput_anomaly_output_schema.csv,Throughput_Anomaly_Detection_Outputs\02_anomaly_detection\01_statistical_csv\lte_throughput_anomaly_output_schema.csv
statistical_csv,p75_expected_throughput_diagnostics.csv,Throughput_Anomaly_Detection_Outputs\02_anomaly_detection\01_statistical_csv\p75_expected_throughput_diagnostics.csv
statistical_csv,p75_reliability_summary.csv,Throughput_Anomaly_Detection_Outputs\02_anomaly_detection\01_statistical_csv\p75_reliability_summary.csv
statistical_csv,rb_conditioned_p75_reliability_summary.csv,Throughput_Anomaly_Detection_Outputs\02_anomaly_detection\01_statistical_csv\rb_conditioned_p75_reliability_summary.csv
ml_csv_and_models,lte_dl_anomaly_audit_table_with_ml.csv.gz,Throughput_Anomaly_Detection_Outputs\02_anomaly_detection\02_ml_csv\lte_dl_anomaly_audit_table_with_ml.csv.gz
ml_csv_and_models,lte_dl_anomaly_audit_table_with_ml.parquet,Throughput_Anomaly_Detection_Outputs\02_anomaly_detection\02_ml_csv\lte_dl_anomaly_audit_table_with_ml.parquet
ml_csv_and_models,lte_throughput_anomalies_ml.csv,Throughput_Anomaly_Detection_Outputs\02_anomaly_detection\02_ml_csv\lte_throughput_anomalies_ml.csv
ml_csv_and_models,lte_throughput_ml_review_context_not_final.csv,Throughput_Anomaly_Detection_Outputs\02_anomaly_detection\02_ml_csv\lte_throughput_ml_review_context_not_final.csv
ml_csv_and_models,ml_anomaly_method_summary.csv,Throughput_Anomaly_Detection_Outputs\02_anomaly_detection\02_ml_csv\ml_anomaly_method_summary.csv
ml_csv_and_models,ml_anomaly_score_distribution_qc.csv,Throughput_Anomaly_Detection_Outputs\02_anomaly_detection\02_ml_csv\ml_anomaly_score_distribution_qc.csv
ml_csv_and_models,ml_capability_contextual_feature_list.csv,Throughput_Anomaly_Detection_Outputs\02_anomaly_detection\02_ml_csv\ml_capability_contextual_feature_list.csv
ml_csv_and_models,ml_capability_pure_feature_list.csv,Throughput_Anomaly_Detection_Outputs\02_anomaly_detection\02_ml_csv\ml_capability_pure_feature_list.csv
ml_csv_and_models,ml_cell_aware_ablation_feature_list.csv,Throughput_Anomaly_Detection_Outputs\02_anomaly_detection\02_ml_csv\ml_cell_aware_ablation_feature_list.csv
ml_csv_and_models,ml_feature_leakage_audit.csv,Throughput_Anomaly_Detection_Outputs\02_anomaly_detection\02_ml_csv\ml_feature_leakage_audit.csv
ml_csv_and_models,ml_feature_objective_ablation.csv,Throughput_Anomaly_Detection_Outputs\02_anomaly_detection\02_ml_csv\ml_feature_objective_ablation.csv
ml_csv_and_models,ml_full_schema_leakage_audit.csv,Throughput_Anomaly_Detection_Outputs\02_anomaly_detection\02_ml_csv\ml_full_schema_leakage_audit.csv
ml_csv_and_models,ml_lstm_feature_list.csv,Throughput_Anomaly_Detection_Outputs\02_anomaly_detection\02_ml_csv\ml_lstm_feature_list.csv
ml_csv_and_models,ml_lstm_q50_fold_evaluation_report.csv,Throughput_Anomaly_Detection_Outputs\02_anomaly_detection\02_ml_csv\ml_lstm_q50_fold_evaluation_report.csv
ml_csv_and_models,ml_lstm_q50_training_history.csv,Throughput_Anomaly_Detection_Outputs\02_anomaly_detection\02_ml_csv\ml_lstm_q50_training_history.csv
ml_csv_and_models,ml_model_agreement_summary.csv,Throughput_Anomaly_Detection_Outputs\02_anomaly_detection\02_ml_csv\ml_model_agreement_summary.csv
ml_csv_and_models,ml_model_evaluation_report.csv,Throughput_Anomaly_Detection_Outputs\02_anomaly_detection\02_ml_csv\ml_model_evaluation_report.csv
ml_csv_and_models,ml_nested_reference_refit_by_fold.csv,Throughput_Anomaly_Detection_Outputs\02_anomaly_detection\02_ml_csv\ml_nested_reference_refit_by_fold.csv
ml_csv_and_models,ml_oof_fold_evaluation_report.csv,Throughput_Anomaly_Detection_Outputs\02_anomaly_detection\02_ml_csv\ml_oof_fold_evaluation_report.csv
ml_csv_and_models,ml_q75_operational_decile_validation.csv,Throughput_Anomaly_Detection_Outputs\02_anomaly_detection\02_ml_csv\ml_q75_operational_decile_validation.csv
ml_csv_and_models,ml_q75_resource_calibration_by_condition.csv,Throughput_Anomaly_Detection_Outputs\02_anomaly_detection\02_ml_csv\ml_q75_resource_calibration_by_condition.csv
ml_csv_and_models,ml_q75_resource_calibration_by_prediction_decile.csv,Throughput_Anomaly_Detection_Outputs\02_anomaly_detection\02_ml_csv\ml_q75_resource_calibration_by_prediction_decile.csv
ml_csv_and_models,ml_q75_resource_global_calibration.csv,Throughput_Anomaly_Detection_Outputs\02_anomaly_detection\02_ml_csv\ml_q75_resource_global_calibration.csv
ml_csv_and_models,ml_q75_vs_hgb_inversion_summary.csv,Throughput_Anomaly_Detection_Outputs\02_anomaly_detection\02_ml_csv\ml_q75_vs_hgb_inversion_summary.csv
ml_csv_and_models,ml_repeated_group_validation_runs.csv,Throughput_Anomaly_Detection_Outputs\02_anomaly_detection\02_ml_csv\ml_repeated_group_validation_runs.csv
ml_csv_and_models,ml_repeated_group_validation_summary.csv,Throughput_Anomaly_Detection_Outputs\02_anomaly_detection\02_ml_csv\ml_repeated_group_validation_summary.csv
ml_csv_and_models,ml_residual_thresholds_oof.csv,Throughput_Anomaly_Detection_Outputs\02_anomaly_detection\02_ml_csv\ml_residual_thresholds_oof.csv
ml_csv_and_models,ml_resource_feature_list.csv,Throughput_Anomaly_Detection_Outputs\02_anomaly_detection\02_ml_csv\ml_resource_feature_list.csv
ml_csv_and_models,ml_robust_reference_refit_summary.csv,Throughput_Anomaly_Detection_Outputs\02_anomaly_detection\02_ml_csv\ml_robust_reference_refit_summary.csv
ml_csv_and_models,ml_safe_feature_list.csv,Throughput_Anomaly_Detection_Outputs\02_anomaly_detection\02_ml_csv\ml_safe_feature_list.csv
ml_csv_and_models,ml_safe_feature_views.csv,Throughput_Anomaly_Detection_Outputs\02_anomaly_detection\02_ml_csv\ml_safe_feature_views.csv
ml_csv_and_models,ml_single_family_gate_sensitivity.csv,Throughput_Anomaly_Detection_Outputs\02_anomaly_detection\02_ml_csv\ml_single_family_gate_sensitivity.csv
ml_csv_and_models,ml_temporal_hgb_feature_list.csv,Throughput_Anomaly_Detection_Outputs\02_anomaly_detection\02_ml_csv\ml_temporal_hgb_feature_list.csv
ml_csv_and_models,ml_train_heldout_sequence_fit_metrics.csv,Throughput_Anomaly_Detection_Outputs\02_anomaly_detection\02_ml_csv\ml_train_heldout_sequence_fit_metrics.csv
ml_csv_and_models,ml_vs_statistical_overlap_summary.csv,Throughput_Anomaly_Detection_Outputs\02_anomaly_detection\02_ml_csv\ml_vs_statistical_overlap_summary.csv
ml_csv_and_models,gb_resource_q75_calibrated_base.joblib,Throughput_Anomaly_Detection_Outputs\02_anomaly_detection\02_ml_csv\model_artifacts\gb_resource_q75_calibrated_base.joblib
ml_csv_and_models,hgb_resource_q50.joblib,Throughput_Anomaly_Detection_Outputs\02_anomaly_detection\02_ml_csv\model_artifacts\hgb_resource_q50.joblib
ml_csv_and_models,hgb_strict_causal_temporal_q50.joblib,Throughput_Anomaly_Detection_Outputs\02_anomaly_detection\02_ml_csv\model_artifacts\hgb_strict_causal_temporal_q50.joblib
ml_csv_and_models,isolation_forest_context_only.joblib,Throughput_Anomaly_Detection_Outputs\02_anomaly_detection\02_ml_csv\model_artifacts\isolation_forest_context_only.joblib
fusion_episode_csv,episode_to_operational_incident_bridge_audit.csv,Throughput_Anomaly_Detection_Outputs\02_anomaly_detection\03_fusion_csv\episode_to_operational_incident_bridge_audit.csv
fusion_episode_csv,final_score_fusion_distribution_summary.csv,Throughput_Anomaly_Detection_Outputs\02_anomaly_detection\03_fusion_csv\final_score_fusion_distribution_summary.csv
fusion_episode_csv,lte_throughput_anomalies_final_fused_episode_rows.csv,Throughput_Anomaly_Detection_Outputs\02_anomaly_detection\03_fusion_csv\lte_throughput_anomalies_final_fused_episode_rows.csv
fusion_episode_csv,lte_throughput_anomalies_final_fused_episode_rows_all_candidates.csv,Throughput_Anomaly_Detection_Outputs\02_anomaly_detection\03_fusion_csv\lte_throughput_anomalies_final_fused_episode_rows_all_candidates.csv
fusion_episode_csv,lte_throughput_anomalies_final_fused_row_level.csv,Throughput_Anomaly_Detection_Outputs\02_anomaly_detection\03_fusion_csv\lte_throughput_anomalies_final_fused_row_level.csv
fusion_episode_csv,lte_throughput_anomalies_fused_row_level.parquet,Throughput_Anomaly_Detection_Outputs\02_anomaly_detection\03_fusion_csv\lte_throughput_anomalies_fused_row_level.parquet
fusion_episode_csv,lte_throughput_anomaly_episodes_all_candidates.csv,Throughput_Anomaly_Detection_Outputs\02_anomaly_detection\03_fusion_csv\lte_throughput_anomaly_episodes_all_candidates.csv
fusion_episode_csv,lte_throughput_anomaly_episodes_final_rca_handoff.csv,Throughput_Anomaly_Detection_Outputs\02_anomaly_detection\03_fusion_csv\lte_throughput_anomaly_episodes_final_rca_handoff.csv
fusion_episode_csv,lte_throughput_operational_incidents_final_rca_handoff.csv,Throughput_Anomaly_Detection_Outputs\02_anomaly_detection\03_fusion_csv\lte_throughput_operational_incidents_final_rca_handoff.csv
fusion_episode_csv,ml_only_handoff_policy.csv,Throughput_Anomaly_Detection_Outputs\02_anomaly_detection\03_fusion_csv\ml_only_handoff_policy.csv
fusion_episode_csv,score_fusion_method_comparison.csv,Throughput_Anomaly_Detection_Outputs\02_anomaly_detection\03_fusion_csv\score_fusion_method_comparison.csv
fusion_episode_csv,throughput_anomaly_episode_summary.csv,Throughput_Anomaly_Detection_Outputs\02_anomaly_detection\03_fusion_csv\throughput_anomaly_episode_summary.csv
plots,01_pre_anomaly_throughput_distribution.png,Throughput_Anomaly_Detection_Outputs\03_plots\01_pre_anomaly_throughput_distribution.png
plots,02_throughput_by_rsrp_bin.png,Throughput_Anomaly_Detection_Outputs\03_plots\02_throughput_by_rsrp_bin.png
plots,02b_sample_gap_seconds_distribution.png,Throughput_Anomaly_Detection_Outputs\03_plots\02b_sample_gap_seconds_distribution.png
plots,02c_throughput_by_download_activity_context.png,Throughput_Anomaly_Detection_Outputs\03_plots\02c_throughput_by_download_activity_context.png
plots,03_throughput_by_rsrq_bin.png,Throughput_Anomaly_Detection_Outputs\03_plots\03_throughput_by_rsrq_bin.png
plots,04_throughput_by_sinr_bin.png,Throughput_Anomaly_Detection_Outputs\03_plots\04_throughput_by_sinr_bin.png
plots,05_throughput_by_carrier_count.png,Throughput_Anomaly_Detection_Outputs\03_plots\05_throughput_by_carrier_count.png
plots,05b_throughput_by_ca_condition.png,Throughput_Anomaly_Detection_Outputs\03_plots\05b_throughput_by_ca_condition.png
plots,05c_throughput_by_agg_rb_bin.png,Throughput_Anomaly_Detection_Outputs\03_plots\05c_throughput_by_agg_rb_bin.png
plots,05d_tp_vs_agg_rb.png,Throughput_Anomaly_Detection_Outputs\03_plots\05d_tp_vs_agg_rb.png
plots,05e_throughput_by_rb_usage_bucket.png,Throughput_Anomaly_Detection_Outputs\03_plots\05e_throughput_by_rb_usage_bucket.png
plots,06_tp_vs_rsrp.png,Throughput_Anomaly_Detection_Outputs\03_plots\06_tp_vs_rsrp.png
plots,07_tp_vs_rsrq.png,Throughput_Anomaly_Detection_Outputs\03_plots\07_tp_vs_rsrq.png
plots,08_tp_vs_sinr.png,Throughput_Anomaly_Detection_Outputs\03_plots\08_tp_vs_sinr.png
plots,09_route_by_throughput.png,Throughput_Anomaly_Detection_Outputs\03_plots\09_route_by_throughput.png
plots,10_anomaly_score_distribution.png,Throughput_Anomaly_Detection_Outputs\03_plots\10_anomaly_score_distribution.png
plots,10b_anomaly_score_distribution_flagged_only.png,Throughput_Anomaly_Detection_Outputs\03_plots\10b_anomaly_score_distribution_flagged_only.png
plots,10c_anomaly_trigger_overlap_distribution.png,Throughput_Anomaly_Detection_Outputs\03_plots\10c_anomaly_trigger_overlap_distribution.png
plots,11_anomaly_method_percentages.png,Throughput_Anomaly_Detection_Outputs\03_plots\11_anomaly_method_percentages.png
plots,12_anomaly_count_by_type.png,Throughput_Anomaly_Detection_Outputs\03_plots\12_anomaly_count_by_type.png
plots,13_anomaly_count_by_severity.png,Throughput_Anomaly_Detection_Outputs\03_plots\13_anomaly_count_by_severity.png
plots,14_actual_vs_expected_with_anomalies.png,Throughput_Anomaly_Detection_Outputs\03_plots\14_actual_vs_expected_with_anomalies.png
plots,14b_worst_performing_cells_ranked.png,Throughput_Anomaly_Detection_Outputs\03_plots\14b_worst_performing_cells_ranked.png
plots,15_throughput_ratio_p75_distribution.png,Throughput_Anomaly_Detection_Outputs\03_plots\15_throughput_ratio_p75_distribution.png
plots,16_throughput_gap_p75_distribution.png,Throughput_Anomaly_Detection_Outputs\03_plots\16_throughput_gap_p75_distribution.png
plots,17_route_by_anomaly_score.png,Throughput_Anomaly_Detection_Outputs\03_plots\17_route_by_anomaly_score.png
plots,17b_route_by_download_analysis_window.png,Throughput_Anomaly_Detection_Outputs\03_plots\17b_route_by_download_analysis_window.png
plots,17c_route_with_anomaly_overlay.png,Throughput_Anomaly_Detection_Outputs\03_plots\17c_route_with_anomaly_overlay.png
plots,18_top_anomaly_episode_context_rank_1_radio_link_context.png,Throughput_Anomaly_Detection_Outputs\03_plots\18_top_anomaly_episode_context_rank_1_radio_link_context.png
plots,18_top_anomaly_episode_context_rank_1_throughput_context.png,Throughput_Anomaly_Detection_Outputs\03_plots\18_top_anomaly_episode_context_rank_1_throughput_context.png
plots,18_top_anomaly_episode_context_rank_2_radio_link_context.png,Throughput_Anomaly_Detection_Outputs\03_plots\18_top_anomaly_episode_context_rank_2_radio_link_context.png
plots,18_top_anomaly_episode_context_rank_2_throughput_context.png,Throughput_Anomaly_Detection_Outputs\03_plots\18_top_anomaly_episode_context_rank_2_throughput_context.png
plots,18_top_anomaly_episode_context_rank_3_radio_link_context.png,Throughput_Anomaly_Detection_Outputs\03_plots\18_top_anomaly_episode_context_rank_3_radio_link_context.png
plots,18_top_anomaly_episode_context_rank_3_throughput_context.png,Throughput_Anomaly_Detection_Outputs\03_plots\18_top_anomaly_episode_context_rank_3_throughput_context.png
plots,18_top_anomaly_episode_context_rank_4_radio_link_context.png,Throughput_Anomaly_Detection_Outputs\03_plots\18_top_anomaly_episode_context_rank_4_radio_link_context.png
plots,18_top_anomaly_episode_context_rank_4_throughput_context.png,Throughput_Anomaly_Detection_Outputs\03_plots\18_top_anomaly_episode_context_rank_4_throughput_context.png
plots,18_top_anomaly_episode_context_rank_5_radio_link_context.png,Throughput_Anomaly_Detection_Outputs\03_plots\18_top_anomaly_episode_context_rank_5_radio_link_context.png
plots,18_top_anomaly_episode_context_rank_5_throughput_context.png,Throughput_Anomaly_Detection_Outputs\03_plots\18_top_anomaly_episode_context_rank_5_throughput_context.png
plots,18_top_anomaly_episode_context_rank_6_radio_link_context.png,Throughput_Anomaly_Detection_Outputs\03_plots\18_top_anomaly_episode_context_rank_6_radio_link_context.png
plots,18_top_anomaly_episode_context_rank_6_throughput_context.png,Throughput_Anomaly_Detection_Outputs\03_plots\18_top_anomaly_episode_context_rank_6_throughput_context.png
plots,18_top_anomaly_episode_context_rank_7_radio_link_context.png,Throughput_Anomaly_Detection_Outputs\03_plots\18_top_anomaly_episode_context_rank_7_radio_link_context.png
plots,18_top_anomaly_episode_context_rank_7_throughput_context.png,Throughput_Anomaly_Detection_Outputs\03_plots\18_top_anomaly_episode_context_rank_7_throughput_context.png
plots,18_top_anomaly_episode_context_rank_8_radio_link_context.png,Throughput_Anomaly_Detection_Outputs\03_plots\18_top_anomaly_episode_context_rank_8_radio_link_context.png
plots,18_top_anomaly_episode_context_rank_8_throughput_context.png,Throughput_Anomaly_Detection_Outputs\03_plots\18_top_anomaly_episode_context_rank_8_throughput_context.png
plots,19_type_example_context_1_radio_limited_degradation_rank_1_radio_link_context.png,Throughput_Anomaly_Detection_Outputs\03_plots\19_type_example_context_1_radio_limited_degradation_rank_1_radio_link_context.png
plots,19_type_example_context_1_radio_limited_degradation_rank_1_throughput_context.png,Throughput_Anomaly_Detection_Outputs\03_plots\19_type_example_context_1_radio_limited_degradation_rank_1_throughput_context.png
plots,19_type_example_context_2_sudden_drop_rank_1_radio_link_context.png,Throughput_Anomaly_Detection_Outputs\03_plots\19_type_example_context_2_sudden_drop_rank_1_radio_link_context.png
plots,19_type_example_context_2_sudden_drop_rank_1_throughput_context.png,Throughput_Anomaly_Detection_Outputs\03_plots\19_type_example_context_2_sudden_drop_rank_1_throughput_context.png
plots,19_type_example_context_3_rolling_local_drop_rank_1_radio_link_context.png,Throughput_Anomaly_Detection_Outputs\03_plots\19_type_example_context_3_rolling_local_drop_rank_1_radio_link_context.png
plots,19_type_example_context_3_rolling_local_drop_rank_1_throughput_context.png,Throughput_Anomaly_Detection_Outputs\03_plots\19_type_example_context_3_rolling_local_drop_rank_1_throughput_context.png
plots,19_type_example_context_4_ca_underperformance_rank_1_radio_link_context.png,Throughput_Anomaly_Detection_Outputs\03_plots\19_type_example_context_4_ca_underperformance_rank_1_radio_link_context.png
plots,19_type_example_context_4_ca_underperformance_rank_1_throughput_context.png,Throughput_Anomaly_Detection_Outputs\03_plots\19_type_example_context_4_ca_underperformance_rank_1_throughput_context.png
plots,19_type_example_context_5_rb_conditioned_underperformance_rank_1_radio_link_context.png,Throughput_Anomaly_Detection_Outputs\03_plots\19_type_example_context_5_rb_conditioned_underperformance_rank_1_radio_link_context.png
plots,19_type_example_context_5_rb_conditioned_underperformance_rank_1_throughput_context.png,Throughput_Anomaly_Detection_Outputs\03_plots\19_type_example_context_5_rb_conditioned_underperformance_rank_1_throughput_context.png
plots,19_type_example_context_6_sustained_low_throughput_window_rank_1_radio_link_context.png,Throughput_Anomaly_Detection_Outputs\03_plots\19_type_example_context_6_sustained_low_throughput_window_rank_1_radio_link_context.png
plots,19_type_example_context_6_sustained_low_throughput_window_rank_1_throughput_context.png,Throughput_Anomaly_Detection_Outputs\03_plots\19_type_example_context_6_sustained_low_throughput_window_rank_1_throughput_context.png
plots,19_type_example_context_7_rb_efficiency_underperformance_rank_1_radio_link_context.png,Throughput_Anomaly_Detection_Outputs\03_plots\19_type_example_context_7_rb_efficiency_underperformance_rank_1_radio_link_context.png
plots,19_type_example_context_7_rb_efficiency_underperformance_rank_1_throughput_context.png,Throughput_Anomaly_Detection_Outputs\03_plots\19_type_example_context_7_rb_efficiency_underperformance_rank_1_throughput_context.png
plots,19_type_example_context_8_radio_p75_underperformance_rank_1_radio_link_context.png,Throughput_Anomaly_Detection_Outputs\03_plots\19_type_example_context_8_radio_p75_underperformance_rank_1_radio_link_context.png
plots,19_type_example_context_8_radio_p75_underperformance_rank_1_throughput_context.png,Throughput_Anomaly_Detection_Outputs\03_plots\19_type_example_context_8_radio_p75_underperformance_rank_1_throughput_context.png
plots,50_final_fused_row_priority_distribution.png,Throughput_Anomaly_Detection_Outputs\03_plots\50_final_fused_row_priority_distribution.png
plots,51_statistical_vs_ml_score_fusion.png,Throughput_Anomaly_Detection_Outputs\03_plots\51_statistical_vs_ml_score_fusion.png
plots,52_final_handoff_by_fusion_source.png,Throughput_Anomaly_Detection_Outputs\03_plots\52_final_handoff_by_fusion_source.png
plots,52_fusion_method_ecdf_comparison.png,Throughput_Anomaly_Detection_Outputs\03_plots\52_fusion_method_ecdf_comparison.png
plots,53_route_final_fused_anomaly_overlay.png,Throughput_Anomaly_Detection_Outputs\03_plots\53_route_final_fused_anomaly_overlay.png
plots,54_final_episode_priority_distribution.png,Throughput_Anomaly_Detection_Outputs\03_plots\54_final_episode_priority_distribution.png
plots,55_episode_duration_vs_priority.png,Throughput_Anomaly_Detection_Outputs\03_plots\55_episode_duration_vs_priority.png
plots,56_final_detection_funnel.png,Throughput_Anomaly_Detection_Outputs\03_plots\56_final_detection_funnel.png
plots,57_top_fused_episode_context_01.png,Throughput_Anomaly_Detection_Outputs\03_plots\57_top_fused_episode_context_01.png
plots,57_top_fused_episode_context_02.png,Throughput_Anomaly_Detection_Outputs\03_plots\57_top_fused_episode_context_02.png
plots,57_top_fused_episode_context_03.png,Throughput_Anomaly_Detection_Outputs\03_plots\57_top_fused_episode_context_03.png
plots,57_top_fused_episode_context_04.png,Throughput_Anomaly_Detection_Outputs\03_plots\57_top_fused_episode_context_04.png
plots,57_top_fused_episode_context_05.png,Throughput_Anomaly_Detection_Outputs\03_plots\57_top_fused_episode_context_05.png
plots,57_top_fused_episode_context_06.png,Throughput_Anomaly_Detection_Outputs\03_plots\57_top_fused_episode_context_06.png
plots,57_top_fused_episode_context_07.png,Throughput_Anomaly_Detection_Outputs\03_plots\57_top_fused_episode_context_07.png
plots,57_top_fused_episode_context_08.png,Throughput_Anomaly_Detection_Outputs\03_plots\57_top_fused_episode_context_08.png
plots,58_operational_incident_priority_distribution.png,Throughput_Anomaly_Detection_Outputs\03_plots\58_operational_incident_priority_distribution.png
plots,ml_21_actual_vs_hgb_temporal_oof.png,Throughput_Anomaly_Detection_Outputs\03_plots\ml_21_actual_vs_hgb_temporal_oof.png
plots,ml_22_actual_vs_hgb_resource_oof.png,Throughput_Anomaly_Detection_Outputs\03_plots\ml_22_actual_vs_hgb_resource_oof.png
plots,ml_23_actual_vs_q75_resource_oof.png,Throughput_Anomaly_Detection_Outputs\03_plots\ml_23_actual_vs_q75_resource_oof.png
plots,ml_24_actual_vs_lstm_oof.png,Throughput_Anomaly_Detection_Outputs\03_plots\ml_24_actual_vs_lstm_oof.png
plots,ml_30_hgb_temporal_train_then_heldout_sequence.png,Throughput_Anomaly_Detection_Outputs\03_plots\ml_30_hgb_temporal_train_then_heldout_sequence.png
plots,ml_31_hgb_resource_train_then_heldout_sequence.png,Throughput_Anomaly_Detection_Outputs\03_plots\ml_31_hgb_resource_train_then_heldout_sequence.png
plots,ml_32_q75_resource_train_then_heldout_sequence.png,Throughput_Anomaly_Detection_Outputs\03_plots\ml_32_q75_resource_train_then_heldout_sequence.png
plots,ml_33_lstm_train_then_heldout_sequence.png,Throughput_Anomaly_Detection_Outputs\03_plots\ml_33_lstm_train_then_heldout_sequence.png
plots,ml_34_iforest_oof_strength_distribution.png,Throughput_Anomaly_Detection_Outputs\03_plots\ml_34_iforest_oof_strength_distribution.png
plots,ml_35_q75_resource_calibration_by_decile.png,Throughput_Anomaly_Detection_Outputs\03_plots\ml_35_q75_resource_calibration_by_decile.png
plots,ml_36_final_model_selection_r2.png,Throughput_Anomaly_Detection_Outputs\03_plots\ml_36_final_model_selection_r2.png
plots,ml_37_final_model_selection_mae.png,Throughput_Anomaly_Detection_Outputs\03_plots\ml_37_final_model_selection_mae.png
plots,stat_28_fusion_component_contribution_audit.png,Throughput_Anomaly_Detection_Outputs\03_plots\stat_28_fusion_component_contribution_audit.png
final_rca_handoff,FINAL_RCA_KEY_FILES_MANIFEST.csv,Throughput_Anomaly_Detection_Outputs\04_rca_handoff_final\00_key_review_files\FINAL_RCA_KEY_FILES_MANIFEST.csv
final_rca_handoff,fixed_low_tp_threshold_downstream_sensitivity.csv,Throughput_Anomaly_Detection_Outputs\04_rca_handoff_final\00_key_review_files\fixed_low_tp_threshold_downstream_sensitivity.csv
final_rca_handoff,fixed_low_tp_threshold_row_sensitivity.csv,Throughput_Anomaly_Detection_Outputs\04_rca_handoff_final\00_key_review_files\fixed_low_tp_threshold_row_sensitivity.csv
final_rca_handoff,fusion_component_empirical_validation.csv,Throughput_Anomaly_Detection_Outputs\04_rca_handoff_final\00_key_review_files\fusion_component_empirical_validation.csv
final_rca_handoff,fusion_evidence_ceiling_sensitivity.csv,Throughput_Anomaly_Detection_Outputs\04_rca_handoff_final\00_key_review_files\fusion_evidence_ceiling_sensitivity.csv
final_rca_handoff,fusion_independent_family_overlap.csv,Throughput_Anomaly_Detection_Outputs\04_rca_handoff_final\00_key_review_files\fusion_independent_family_overlap.csv
final_rca_handoff,fusion_weight_health_check.csv,Throughput_Anomaly_Detection_Outputs\04_rca_handoff_final\00_key_review_files\fusion_weight_health_check.csv
final_rca_handoff,ml_feature_leakage_audit.csv,Throughput_Anomaly_Detection_Outputs\04_rca_handoff_final\00_key_review_files\ml_feature_leakage_audit.csv
final_rca_handoff,ml_final_model_artifact_manifest.csv,Throughput_Anomaly_Detection_Outputs\04_rca_handoff_final\00_key_review_files\ml_final_model_artifact_manifest.csv
final_rca_handoff,ml_final_model_selection_summary.csv,Throughput_Anomaly_Detection_Outputs\04_rca_handoff_final\00_key_review_files\ml_final_model_selection_summary.csv
final_rca_handoff,ml_q75_operational_decile_validation.csv,Throughput_Anomaly_Detection_Outputs\04_rca_handoff_final\00_key_review_files\ml_q75_operational_decile_validation.csv
final_rca_handoff,operational_incident_consolidation_sensitivity.csv,Throughput_Anomaly_Detection_Outputs\04_rca_handoff_final\00_key_review_files\operational_incident_consolidation_sensitivity.csv
final_rca_handoff,rca_handoff_integrity_validation.csv,Throughput_Anomaly_Detection_Outputs\04_rca_handoff_final\00_key_review_files\rca_handoff_integrity_validation.csv
final_rca_handoff,rca_handoff_integrity_validation.json,Throughput_Anomaly_Detection_Outputs\04_rca_handoff_final\00_key_review_files\rca_handoff_integrity_validation.json
final_rca_handoff,README_FIRST_RCA_HANDOFF.txt,Throughput_Anomaly_Detection_Outputs\04_rca_handoff_final\00_key_review_files\README_FIRST_RCA_HANDOFF.txt
final_rca_handoff,statistical_low_tail_method_overlap.csv,Throughput_Anomaly_Detection_Outputs\04_rca_handoff_final\00_key_review_files\statistical_low_tail_method_overlap.csv
final_rca_handoff,statistical_threshold_calibration_report.csv,Throughput_Anomaly_Detection_Outputs\04_rca_handoff_final\00_key_review_files\statistical_threshold_calibration_report.csv
final_rca_handoff,top20_required_validation_files_manifest.csv,Throughput_Anomaly_Detection_Outputs\04_rca_handoff_final\00_key_review_files\top20_required_validation_files_manifest.csv
final_rca_handoff,ca_underperformance_top_02.png,Throughput_Anomaly_Detection_Outputs\04_rca_handoff_final\01_top_anomaly_case_plots\ca_underperformance_top_02.png
final_rca_handoff,ca_underperformance_top_07.png,Throughput_Anomaly_Detection_Outputs\04_rca_handoff_final\01_top_anomaly_case_plots\ca_underperformance_top_07.png
final_rca_handoff,radio_condition_expected_underperformance_top_06.png,Throughput_Anomaly_Detection_Outputs\04_rca_handoff_final\01_top_anomaly_case_plots\radio_condition_expected_underperformance_top_06.png
final_rca_handoff,radio_limited_degradation_top_01.png,Throughput_Anomaly_Detection_Outputs\04_rca_handoff_final\01_top_anomaly_case_plots\radio_limited_degradation_top_01.png
final_rca_handoff,radio_limited_degradation_top_09.png,Throughput_Anomaly_Detection_Outputs\04_rca_handoff_final\01_top_anomaly_case_plots\radio_limited_degradation_top_09.png
final_rca_handoff,radio_limited_degradation_top_10.png,Throughput_Anomaly_Detection_Outputs\04_rca_handoff_final\01_top_anomaly_case_plots\radio_limited_degradation_top_10.png
final_rca_handoff,rb_conditioned_expected_underperformance_top_05.png,Throughput_Anomaly_Detection_Outputs\04_rca_handoff_final\01_top_anomaly_case_plots\rb_conditioned_expected_underperformance_top_05.png
final_rca_handoff,rb_conditioned_expected_underperformance_top_14.png,Throughput_Anomaly_Detection_Outputs\04_rca_handoff_final\01_top_anomaly_case_plots\rb_conditioned_expected_underperformance_top_14.png
final_rca_handoff,temporal_local_drop_top_03.png,Throughput_Anomaly_Detection_Outputs\04_rca_handoff_final\01_top_anomaly_case_plots\temporal_local_drop_top_03.png
final_rca_handoff,temporal_local_drop_top_11.png,Throughput_Anomaly_Detection_Outputs\04_rca_handoff_final\01_top_anomaly_case_plots\temporal_local_drop_top_11.png
final_rca_handoff,temporal_local_drop_top_12.png,Throughput_Anomaly_Detection_Outputs\04_rca_handoff_final\01_top_anomaly_case_plots\temporal_local_drop_top_12.png
final_rca_handoff,temporal_sudden_drop_top_15.png,Throughput_Anomaly_Detection_Outputs\04_rca_handoff_final\01_top_anomaly_case_plots\temporal_sudden_drop_top_15.png
final_rca_handoff,anomalous_eci_approx_locations.csv,Throughput_Anomaly_Detection_Outputs\04_rca_handoff_final\02_eci_location_maps\anomalous_eci_approx_locations.csv
final_rca_handoff,anomalous_eci_approx_locations.geojson,Throughput_Anomaly_Detection_Outputs\04_rca_handoff_final\02_eci_location_maps\anomalous_eci_approx_locations.geojson
final_rca_handoff,anomalous_eci_approx_locations_map.html,Throughput_Anomaly_Detection_Outputs\04_rca_handoff_final\02_eci_location_maps\anomalous_eci_approx_locations_map.html
final_rca_handoff,anomalous_eci_approx_locations_static.png,Throughput_Anomaly_Detection_Outputs\04_rca_handoff_final\02_eci_location_maps\anomalous_eci_approx_locations_static.png
final_rca_handoff,rca_anomaly_incidents_full_compact.csv,Throughput_Anomaly_Detection_Outputs\04_rca_handoff_final\rca_anomaly_incidents_full_compact.csv
final_rca_handoff,rca_anomaly_incidents_full_compact.json,Throughput_Anomaly_Detection_Outputs\04_rca_handoff_final\rca_anomaly_incidents_full_compact.json
final_rca_handoff,rca_anomaly_incidents_shortlist_diverse.csv,Throughput_Anomaly_Detection_Outputs\04_rca_handoff_final\rca_anomaly_incidents_shortlist_diverse.csv
final_rca_handoff,rca_anomaly_incidents_shortlist_diverse.json,Throughput_Anomaly_Detection_Outputs\04_rca_handoff_final\rca_anomaly_incidents_shortlist_diverse.json
final_rca_handoff,rca_json_schema_dictionary.csv,Throughput_Anomaly_Detection_Outputs\04_rca_handoff_final\rca_json_schema_dictionary.csv
final_rca_handoff,rca_radio_limited_planning_incidents.csv,Throughput_Anomaly_Detection_Outputs\04_rca_handoff_final\rca_radio_limited_planning_incidents.csv
final_rca_handoff,top_anomaly_case_gap_drop_plot_index.csv,Throughput_Anomaly_Detection_Outputs\04_rca_handoff_final\top_anomaly_case_gap_drop_plot_index.csv
final_rca_handoff,worst_performing_cells_confirmed.csv,Throughput_Anomaly_Detection_Outputs\04_rca_handoff_final\worst_performing_cells_confirmed.csv
final_rca_handoff,worst_performing_cells_ranked.csv,Throughput_Anomaly_Detection_Outputs\04_rca_handoff_final\worst_performing_cells_ranked.csv
final_rca_handoff,worst_performing_cells_rca_handoff.json,Throughput_Anomaly_Detection_Outputs\04_rca_handoff_final\worst_performing_cells_rca_handoff.json
final_rca_handoff,worst_performing_cells_watchlist_low_reliability.csv,Throughput_Anomaly_Detection_Outputs\04_rca_handoff_final\worst_performing_cells_watchlist_low_reliability.csv
final_rca_handoff,worst_performing_pci_ranked.csv,Throughput_Anomaly_Detection_Outputs\04_rca_handoff_final\worst_performing_pci_ranked.csv
final_rca_handoff,worst_performing_pci_rca_handoff.json,Throughput_Anomaly_Detection_Outputs\04_rca_handoff_final\worst_performing_pci_rca_handoff.json
final_rca_handoff,final_output_file_index.csv,Throughput_Anomaly_Detection_Outputs\04_rca_handoff_final\00_key_review_files\final_output_file_index.csv
final_rca_handoff,final_run_metadata.json,Throughput_Anomaly_Detection_Outputs\04_rca_handoff_final\00_key_review_files\final_run_metadata.json
