statistical_evidence_ceiling,ml_evidence_ceiling,incidents_at_or_above_priority_40,top50_incident_overlap_count,top50_incident_overlap_pct,spearman_rank_correlation_vs_baseline,is_production_setting
0.85,0.8,1380,43,86.0,0.9638898107387869,False
0.85,0.85,1380,44,88.0,0.9657184124254199,False
0.85,0.9,1380,44,88.0,0.9672831676079566,False
0.9,0.8,1381,41,82.0,0.955855252677372,False
0.9,0.85,1381,41,82.0,0.9579074775229938,True
0.9,0.9,1381,41,82.0,0.9597767640036781,False
0.95,0.8,1382,35,70.0,0.9464115682042283,False
0.95,0.85,1382,35,70.0,0.9484665117342665,False
0.95,0.9,1382,35,70.0,0.9502408306584713,False
