column,dtype,used_by_any_model,models_using_column,decision,exclusion_reason,target_or_post_anomaly_pattern_flag,non_null_pct,unique_values
source_index,int64,False,,NOT_USED,target/throughput/post-anomaly name guard,True,100.0,32238
Activity.Remote IPs,str,False,,NOT_USED,target/throughput/post-anomaly name guard,True,0.5707550096159811,29
Activity.Source Ports,str,False,,NOT_USED,target/throughput/post-anomaly name guard,True,0.5707550096159811,184
Activity.TTFB,float64,False,,NOT_USED,not selected for any model objective,False,0.5707550096159811,184
Activity.DNS Resolution Time,float64,False,,NOT_USED,not selected for any model objective,False,0.5769588684161548,178
Activity.Remote Address,str,False,,NOT_USED,target/throughput/post-anomaly name guard,True,0.5769588684161548,32
Activity.Sub Activity,str,False,,NOT_USED,not selected for any model objective,False,0.5924685154165891,1
Activity.Error,str,False,,NOT_USED,not selected for any model objective,False,0.5924685154165891,2
Extra_KPIs.Attach Delay,float64,False,,NOT_USED,not selected for any model objective,False,0.0,0
Extra_KPIs.RRC Connection Setup Time,float64,False,,NOT_USED,not selected for any model objective,False,0.0,0
Extra_KPIs.ERRC Connection Setup Time,float64,False,,NOT_USED,not selected for any model objective,False,0.049630870401389665,16
Activity.Band,float64,False,,NOT_USED,not selected for any model objective,False,0.5924685154165891,4
Activity.LCI,float64,False,,NOT_USED,not selected for any model objective,False,0.5924685154165891,94
Activity.ARFCN,float64,False,,NOT_USED,not selected for any model objective,False,0.5924685154165891,8
Activity.Private IP,str,False,,NOT_USED,target/throughput/post-anomaly name guard,True,0.5924685154165891,4
Activity.Activity,str,False,,NOT_USED,not selected for any model objective,False,0.5924685154165891,1
Activity.Connection Reset,float64,False,,NOT_USED,not selected for any model objective,False,0.5924685154165891,1
Activity.Duplicated ACK,float64,False,,NOT_USED,not selected for any model objective,False,0.5924685154165891,1
Activity.Duration,float64,False,,NOT_USED,not selected for any model objective,False,0.5924685154165891,77
Activity.End TimeStamp,str,False,,NOT_USED,not selected for any model objective,False,0.5924685154165891,191
Activity.Fast Retransmission,float64,False,,NOT_USED,not selected for any model objective,False,0.5924685154165891,1
Activity.Out of Order,float64,False,,NOT_USED,not selected for any model objective,False,0.5924685154165891,1
Activity.Packet Loss Rate,float64,False,,NOT_USED,not selected for any model objective,False,0.5924685154165891,1
Activity.Power,float64,False,,NOT_USED,not selected for any model objective,False,0.5924685154165891,179
Activity.Public IP,str,False,,NOT_USED,target/throughput/post-anomaly name guard,True,0.5924685154165891,131
Activity.Quality,float64,False,,NOT_USED,not selected for any model objective,False,0.5924685154165891,143
Activity.SINR,float64,False,,NOT_USED,not selected for any model objective,False,0.5924685154165891,174
Activity.Size,float64,False,,NOT_USED,not selected for any model objective,False,0.5924685154165891,189
Activity.Spurious Retransmission,float64,False,,NOT_USED,not selected for any model objective,False,0.5924685154165891,1
Activity.Start TimeStamp,str,False,,NOT_USED,not selected for any model objective,False,0.5924685154165891,187
Activity.Status,str,False,,NOT_USED,not selected for any model objective,False,0.5924685154165891,1
Activity.TCP Window Update,float64,False,,NOT_USED,not selected for any model objective,False,0.5924685154165891,1
Activity.Tech,str,False,,NOT_USED,not selected for any model objective,False,0.5924685154165891,3
Activity.Throughput,float64,False,,NOT_USED,target/throughput/post-anomaly name guard,True,0.5924685154165891,185
Activity.Throughput WIFI,float64,False,,NOT_USED,target/throughput/post-anomaly name guard,True,0.5924685154165891,10
Extra_KPIs.LTE Handover Interruption Time,float64,False,,NOT_USED,not selected for any model objective,False,5.726161672560333,1838
Extra_KPIs.UMTS Handover Interruption Time,float64,False,,NOT_USED,not selected for any model objective,False,0.0,0
LTE - Serving - R15_Support,float64,False,,NOT_USED,not selected for any model objective,False,18.40995098951548,1
LTE - SecondaryCell 1 - SCell1_EARFCN_UL,float64,False,,NOT_USED,not selected for any model objective,False,27.939078106582294,5
Throughput.HTTP_DL,float64,False,,NOT_USED,target/throughput/post-anomaly name guard,True,39.08431044109436,12549
Throughput.Physical_DL,float64,False,,NOT_USED,target/throughput/post-anomaly name guard,True,39.08431044109436,12580
LTE - SecondaryCell 1 - SCell1_CQI_CW1,float64,False,,NOT_USED,not selected for any model objective,False,46.45759662510081,15
LTE - SecondaryCell 1 - SCell1_MCS_CW1,float64,False,,NOT_USED,not selected for any model objective,False,56.19765494137353,32
LTE - SecondaryCell 1 - SCell1_Modulation_CW1,str,False,,NOT_USED,not selected for any model objective,False,56.19765494137353,4
Events.subject,str,False,,NOT_USED,not selected for any model objective,False,28.388857869594887,329
LTE - SecondaryCell 1 - SCell1_BandWidth_UL,float64,False,,NOT_USED,not selected for any model objective,False,63.69812023078355,1
LTE - SecondaryCell 1 - SCell1_RxAntNum,float64,False,,NOT_USED,not selected for any model objective,False,66.71009367826788,3
LTE - SecondaryCell 1 - SCell1_SpatialRank,float64,False,,NOT_USED,not selected for any model objective,False,66.71009367826788,4
LTE - SecondaryCell 1 - SCell1_TxAntNum,float64,False,,NOT_USED,not selected for any model objective,False,66.71009367826788,2
Extra_KPIs.CSFB RAT,object,False,,NOT_USED,not selected for any model objective,False,0.0,0
Events.description,str,False,,NOT_USED,not selected for any model objective,False,35.99168682920777,9069
LTE - SecondaryCell 1 - SCell1_MCS_CW0,float64,False,,NOT_USED,not selected for any model objective,False,68.78838637632607,32
LTE - SecondaryCell 1 - SCell1_Modulation_CW0,str,False,,NOT_USED,not selected for any model objective,False,68.78838637632607,4
LTE - SecondaryCell 1 - SCell1_1024QAMUsage,float64,False,,NOT_USED,not selected for any model objective,False,68.79148830572616,1
LTE - SecondaryCell 1 - SCell1_16QAMUsage,float64,False,,NOT_USED,not selected for any model objective,False,68.79148830572616,15516
LTE - SecondaryCell 1 - SCell1_256QAMUsage,float64,False,,NOT_USED,not selected for any model objective,False,68.79148830572616,806
LTE - SecondaryCell 1 - SCell1_64QAMUsage,float64,False,,NOT_USED,not selected for any model objective,False,68.79148830572616,14167
LTE - SecondaryCell 1 - SCell1_BLER,float64,False,,NOT_USED,not selected for any model objective,False,68.79148830572616,15644
LTE - SecondaryCell 1 - SCell1_LayerNum,float64,False,,NOT_USED,not selected for any model objective,False,68.79148830572616,4
LTE - SecondaryCell 1 - SCell1_QPSKUsage,float64,False,,NOT_USED,not selected for any model objective,False,68.79148830572616,9438
LTE - SecondaryCell 1 - SCell1_ResourceBlockNum,float64,False,,NOT_USED,not selected for any model objective,False,68.79148830572616,100
LTE - SecondaryCell 1 - SCell1_Throughput,float64,False,,NOT_USED,target/throughput/post-anomaly name guard,True,68.79148830572616,22114
LTE - SecondaryCell 1 - SCell1_ThroughputStream0,float64,False,,NOT_USED,target/throughput/post-anomaly name guard,True,68.79148830572616,22079
LTE - SecondaryCell 1 - SCell1_ThroughputStream1,float64,False,,NOT_USED,target/throughput/post-anomaly name guard,True,68.79148830572616,18005
LTE - SecondaryCell 1 - SCell1_ThroughputStreamAll,float64,False,,NOT_USED,target/throughput/post-anomaly name guard,True,68.79148830572616,22114
Extra_KPIs.Call RAT,object,False,,NOT_USED,not selected for any model objective,False,0.0,0
WCDMA - WCDMACellsTable(1) - EcNo,float64,False,,NOT_USED,not selected for any model objective,False,0.0,0
WCDMA - WCDMACellsTable(1) - EcNo Before RAKE,float64,False,,NOT_USED,not selected for any model objective,False,0.0,0
WCDMA - WCDMACellsTable(1) - PSC,float64,False,,NOT_USED,not selected for any model objective,False,0.0,0
WCDMA - WCDMACellsTable(1) - RSCP,float64,False,,NOT_USED,not selected for any model objective,False,0.0,0
WCDMA - WCDMACellsTable(1) - RSCP After RAKE,float64,False,,NOT_USED,not selected for any model objective,False,0.0,0
WCDMA - WCDMACellsTable(1) - Set_Type,object,False,,NOT_USED,not selected for any model objective,False,0.0,0
WCDMA - WCDMACellsTable(1) - UARFCN,float64,False,,NOT_USED,not selected for any model objective,False,0.0,0
WCDMA - DownlinkMeasurements - RSCP_Strongest_Neighbor_2nd,float64,False,,NOT_USED,not selected for any model objective,False,0.0,0
LTE - SecondaryCell 1 - SCell1_CQI,float64,False,,NOT_USED,not selected for any model objective,False,70.63403436937776,15
LTE - SecondaryCell 1 - SCell1_CQI_CW0,float64,False,,NOT_USED,not selected for any model objective,False,70.63403436937776,15
LTE - SecondaryCell 1 - SCell1_TransMode,str,False,,NOT_USED,not selected for any model objective,False,71.20789130839383,4
WCDMA - WCDMACellsTable(0) - EcNo,float64,False,,NOT_USED,not selected for any model objective,False,0.0,0
WCDMA - WCDMACellsTable(0) - EcNo Before RAKE,float64,False,,NOT_USED,not selected for any model objective,False,0.0,0
WCDMA - WCDMACellsTable(0) - PSC,float64,False,,NOT_USED,not selected for any model objective,False,0.0,0
WCDMA - WCDMACellsTable(0) - RSCP,float64,False,,NOT_USED,not selected for any model objective,False,0.0,0
WCDMA - WCDMACellsTable(0) - RSCP After RAKE,float64,False,,NOT_USED,not selected for any model objective,False,0.0,0
WCDMA - WCDMACellsTable(0) - UARFCN,float64,False,,NOT_USED,not selected for any model objective,False,0.0,0
LTE - NeighborCells(3) - Band,float64,False,,NOT_USED,not selected for any model objective,False,64.39915627520317,4
LTE - NeighborCells(3) - EARFCN,float64,False,,NOT_USED,not selected for any model objective,False,64.39915627520317,8
LTE - NeighborCells(3) - Mod3,float64,False,,NOT_USED,not selected for any model objective,False,64.39915627520317,3
LTE - NeighborCells(3) - PCI,float64,False,,NOT_USED,not selected for any model objective,False,64.39915627520317,297
LTE - NeighborCells(3) - RSRP,float64,False,,NOT_USED,not selected for any model objective,False,64.39915627520317,11712
LTE - NeighborCells(3) - RSRQ,float64,False,,NOT_USED,not selected for any model objective,False,64.39915627520317,6397
WCDMA - Serving - RAI,float64,False,,NOT_USED,not selected for any model objective,False,0.0,0
LTE - SecondaryCell 1 Radio - SCell1_RSRQ,float64,False,,NOT_USED,not selected for any model objective,False,72.38972640982692,20409
WCDMA - Serving - LAC,float64,False,,NOT_USED,not selected for any model objective,False,0.0,0
LTE - SecondaryCell 1 Radio - SCell1_RSRP,float64,False,,NOT_USED,not selected for any model objective,False,72.41143991562751,22225
LTE - SecondaryCell 1 Radio - SCell1_RSSI,float64,False,,NOT_USED,not selected for any model objective,False,72.41143991562751,22186
LTE - SecondaryCell 1 Radio - SCell1_SINR,float64,False,,NOT_USED,not selected for any model objective,False,72.41143991562751,22481
LTE - SecondaryCell 1 Radio - SCell1_Frame_Timing_0,float64,False,,NOT_USED,not selected for any model objective,False,72.44245920962838,2238
LTE - SecondaryCell 1 Radio - SCell1_Frame_Timing_1,float64,False,,NOT_USED,not selected for any model objective,False,72.44245920962838,2238
WCDMA - DownlinkMeasurements - RSCP_Strongest_Neighbor_1st,float64,False,,NOT_USED,not selected for any model objective,False,0.0,0
WCDMA - UplinkMeasurements - RACHAICHStatus,object,False,,NOT_USED,not selected for any model objective,False,0.0,0
WCDMA - UplinkMeasurements - RACHPreambleCount,float64,False,,NOT_USED,not selected for any model objective,False,0.0,0
WCDMA - UplinkMeasurements - RACHSubChannel,float64,False,,NOT_USED,not selected for any model objective,False,0.0,0
WCDMA - UplinkMeasurements - RACHTxPower,float64,False,,NOT_USED,not selected for any model objective,False,0.0,0
WCDMA - UplinkMeasurements - RACHPreambleOffset,float64,False,,NOT_USED,not selected for any model objective,False,0.0,0
WCDMA - UplinkMeasurements - RACHPreamblesCountMax,float64,False,,NOT_USED,not selected for any model objective,False,0.0,0
WCDMA - ServingCell - URA_Identity,float64,False,,NOT_USED,not selected for any model objective,False,0.0,0
WCDMA - UplinkMeasurements - Uu_UL_Interference,float64,False,,NOT_USED,not selected for any model objective,False,0.0,0
WCDMA - DownlinkMeasurements - SIR,float64,False,,NOT_USED,not selected for any model objective,False,0.0,0
WCDMA - DownlinkMeasurements - TxPowerCommandDL,float64,False,,NOT_USED,not selected for any model objective,False,0.0,0
WCDMA - DownlinkMeasurements - TxPowerCommandUL,float64,False,,NOT_USED,not selected for any model objective,False,0.0,0
WCDMA - Serving - CI,float64,False,,NOT_USED,not selected for any model objective,False,0.0,0
WCDMA - Serving - LCI,float64,False,,NOT_USED,not selected for any model objective,False,0.0,0
WCDMA - Serving - RNCID,float64,False,,NOT_USED,not selected for any model objective,False,0.0,0
WCDMA - DownlinkMeasurements - BLER_DL,float64,False,,NOT_USED,not selected for any model objective,False,0.0,0
WCDMA - DownlinkMeasurements - TxPower,float64,False,,NOT_USED,not selected for any model objective,False,0.0,0
WCDMA - DownlinkMeasurements - EcNo,float64,False,,NOT_USED,not selected for any model objective,False,0.0,0
WCDMA - DownlinkMeasurements - EcNo Before RAKE,float64,False,,NOT_USED,not selected for any model objective,False,0.0,0
WCDMA - DownlinkMeasurements - RSCP,float64,False,,NOT_USED,not selected for any model objective,False,0.0,0
WCDMA - DownlinkMeasurements - RSCP After RAKE,float64,False,,NOT_USED,not selected for any model objective,False,0.0,0
WCDMA - DownlinkMeasurements - RSSI,float64,False,,NOT_USED,not selected for any model objective,False,0.0,0
WCDMA - ServingCell - PSC,float64,False,,NOT_USED,not selected for any model objective,False,0.0,0
WCDMA - ServingCell - UARFCN_DL,float64,False,,NOT_USED,not selected for any model objective,False,0.0,0
WCDMA - ServingCell - UARFCN_UL,float64,False,,NOT_USED,not selected for any model objective,False,0.0,0
LTE.RACH.RACH_Latency,float64,False,,NOT_USED,not selected for any model objective,False,67.64687635709411,26
LTE.RACH.RACH_Result,str,False,,NOT_USED,not selected for any model objective,False,67.66238600409454,4
LTE.RACH.RACH_Reason,str,False,,NOT_USED,not selected for any model objective,False,67.66238600409454,4
LTE - SecondaryCell 1 - SCell1_Rank1Usage,float64,False,,NOT_USED,not selected for any model objective,False,80.07320553384206,3742
LTE - SecondaryCell 1 - SCell1_Rank2Usage,float64,False,,NOT_USED,not selected for any model objective,False,80.07320553384206,3785
LTE - SecondaryCell 1 - SCell1_Rank3Usage,float64,False,,NOT_USED,not selected for any model objective,False,80.07320553384206,149
LTE - SecondaryCell 1 - SCell1_Rank4Usage,float64,False,,NOT_USED,not selected for any model objective,False,80.07320553384206,32
WCDMA - ServingCell - Active_set_num,float64,False,,NOT_USED,not selected for any model objective,False,1.4951299708418635,1
LTE - SecondaryCell 1 - SCell1_BandWidth_DL,float64,False,,NOT_USED,not selected for any model objective,False,73.10627210124697,2
LTE - SecondaryCell 1 - SCell1_Band,float64,False,,NOT_USED,not selected for any model objective,False,73.10937403064706,4
LTE - SecondaryCell 1 - SCell1_EARFCN_DL,float64,False,,NOT_USED,not selected for any model objective,False,73.10937403064706,8
LTE - SecondaryCell 1 - SCell1_PCI,float64,False,,NOT_USED,not selected for any model objective,False,73.10937403064706,183
Events.Tech,str,False,,NOT_USED,not selected for any model objective,False,41.21533593895403,49
Events.Timestamp,str,False,,NOT_USED,not selected for any model objective,False,41.21533593895403,13287
Events.category,str,False,,NOT_USED,not selected for any model objective,False,41.21533593895403,274
Events.titles,str,False,,NOT_USED,not selected for any model objective,False,41.21533593895403,2625
LTE - NeighborCells(2) - Band,float64,False,,NOT_USED,not selected for any model objective,False,78.01662634158446,4
LTE - NeighborCells(2) - EARFCN,float64,False,,NOT_USED,not selected for any model objective,False,78.01662634158446,8
LTE - NeighborCells(2) - Mod3,float64,False,,NOT_USED,not selected for any model objective,False,78.01662634158446,3
LTE - NeighborCells(2) - PCI,float64,False,,NOT_USED,not selected for any model objective,False,78.01662634158446,280
LTE - NeighborCells(2) - RSRP,float64,False,,NOT_USED,not selected for any model objective,False,78.01662634158446,13186
LTE - NeighborCells(2) - RSRQ,float64,False,,NOT_USED,not selected for any model objective,False,78.01662634158446,7191
LTE - SecondaryCell 1 Radio - SCell1_eNBTxDifference,float64,False,,NOT_USED,not selected for any model objective,False,90.79347354054221,21768
LTE - PrimaryCell - PCell_CQI_CW1,float64,False,,NOT_USED,not selected for any model objective,False,90.08002977852225,15
LTE - NeighborCells(1) - Band,float64,False,,NOT_USED,not selected for any model objective,False,93.61933122402134,4
LTE - NeighborCells(1) - EARFCN,float64,False,,NOT_USED,not selected for any model objective,False,93.61933122402134,8
LTE - NeighborCells(1) - Mod3,float64,False,,NOT_USED,not selected for any model objective,False,93.61933122402134,3
LTE - NeighborCells(1) - PCI,float64,False,,NOT_USED,not selected for any model objective,False,93.61933122402134,249
LTE - NeighborCells(1) - RSRP,float64,False,,NOT_USED,not selected for any model objective,False,93.61933122402134,14788
LTE - NeighborCells(1) - RSRQ,float64,False,,NOT_USED,not selected for any model objective,False,93.61933122402134,8273
LTE - PrimaryCell - PCell_MCS_CW1,float64,False,,NOT_USED,not selected for any model objective,False,99.15937713257647,32
LTE - PrimaryCell - PCell_Modulation_CW1,str,False,,NOT_USED,not selected for any model objective,False,99.15937713257647,4
LTE - PrimaryCell - PCell_Rank1Usage,float64,False,,NOT_USED,not selected for any model objective,False,99.6246665425895,5239
LTE - PrimaryCell - PCell_Rank2Usage,float64,False,,NOT_USED,not selected for any model objective,False,99.6246665425895,5322
LTE - PrimaryCell - PCell_Rank3Usage,float64,False,,NOT_USED,not selected for any model objective,False,99.6246665425895,192
LTE - PrimaryCell - PCell_Rank4Usage,float64,False,,NOT_USED,not selected for any model objective,False,99.6246665425895,54
LTE - PrimaryCell - PCell_RxAntNum,float64,False,,NOT_USED,not selected for any model objective,False,99.6246665425895,3
LTE - PrimaryCell - PCell_SpatialRank,float64,False,,NOT_USED,not selected for any model objective,False,99.6246665425895,4
LTE - PrimaryCell - PCell_TxAntNum,float64,False,,NOT_USED,not selected for any model objective,False,99.6246665425895,2
LTE.LTE_UL_CA_PCell.LTE_Power_Tx_PUSCH_PCell,float64,False,,NOT_USED,not selected for any model objective,False,99.45095849618463,27498
LTE.LTE_Data_KPI.Agg_Throughput_UL,float64,False,,NOT_USED,target/throughput/post-anomaly name guard,True,99.47577393138532,31020
LTE.UplinkMeasurements.PUSCH_Throughput,float64,False,,NOT_USED,target/throughput/post-anomaly name guard,True,99.47577393138532,31020
LTE - PrimaryCell - PCell_BandWidth_UL,float64,False,,NOT_USED,not selected for any model objective,False,99.50989515478628,2
LTE - PrimaryCell - PCell_EARFCN_UL,float64,False,,NOT_USED,not selected for any model objective,False,99.50989515478628,11
LTE - PrimaryCell - PCell_CQI,float64,False,,NOT_USED,not selected for any model objective,False,99.66499162479062,15
LTE - PrimaryCell - PCell_CQI_CW0,float64,False,,NOT_USED,not selected for any model objective,False,99.66499162479062,15
LTE - PrimaryCell - PCell_TransMode,str,False,,NOT_USED,not selected for any model objective,False,99.66499162479062,5
LTE - NeighborCells(0) - Band,float64,False,,NOT_USED,not selected for any model objective,False,99.82008809479497,4
LTE - NeighborCells(0) - EARFCN,float64,False,,NOT_USED,not selected for any model objective,False,99.82008809479497,8
LTE - NeighborCells(0) - Mod3,float64,False,,NOT_USED,not selected for any model objective,False,99.82008809479497,3
LTE - NeighborCells(0) - PCI,float64,False,,NOT_USED,not selected for any model objective,False,99.82008809479497,225
LTE - NeighborCells(0) - RSRP,float64,False,,NOT_USED,not selected for any model objective,False,99.82008809479497,14792
LTE - NeighborCells(0) - RSRQ,float64,False,,NOT_USED,not selected for any model objective,False,99.82008809479497,8392
LTE - PrimaryCell - PCell_1024QAMUsage,float64,False,,NOT_USED,not selected for any model objective,False,99.99689807059991,1
LTE - PrimaryCell - PCell_16QAMUsage,float64,False,,NOT_USED,not selected for any model objective,False,99.99689807059991,23322
LTE - PrimaryCell - PCell_256QAMUsage,float64,False,,NOT_USED,not selected for any model objective,False,99.99689807059991,762
LTE - PrimaryCell - PCell_64QAMUsage,float64,False,,NOT_USED,not selected for any model objective,False,99.99689807059991,22775
LTE - PrimaryCell - PCell_BLER,float64,False,,NOT_USED,not selected for any model objective,False,99.99689807059991,23189
LTE - PrimaryCell - PCell_LayerNum,float64,False,,NOT_USED,not selected for any model objective,False,99.99689807059991,4
LTE - PrimaryCell - PCell_MCS_CW0,float64,False,,NOT_USED,not selected for any model objective,False,99.99689807059991,29
LTE - PrimaryCell - PCell_Modulation_CW0,str,False,,NOT_USED,not selected for any model objective,False,99.99689807059991,4
LTE - PrimaryCell - PCell_QPSKUsage,float64,False,,NOT_USED,not selected for any model objective,False,99.99689807059991,17077
LTE - PrimaryCell - PCell_ResourceBlockNum,float64,False,,NOT_USED,not selected for any model objective,False,99.99689807059991,98
LTE - PrimaryCell - PCell_Throughput,float64,False,,NOT_USED,target/throughput/post-anomaly name guard,True,99.99689807059991,31990
LTE - PrimaryCell - PCell_ThroughputStream0,float64,False,,NOT_USED,target/throughput/post-anomaly name guard,True,99.99689807059991,31940
LTE - PrimaryCell - PCell_ThroughputStream1,float64,False,,NOT_USED,target/throughput/post-anomaly name guard,True,99.99689807059991,27765
LTE - PrimaryCell - PCell_ThroughputStreamAll,float64,False,,NOT_USED,target/throughput/post-anomaly name guard,True,99.99689807059991,31990
LTE.DownlinkMeasurements.Throughput_DL,float64,False,,NOT_USED,target/throughput/post-anomaly name guard,True,100.0,32148
LTE.LTE_Data_KPI.Agg_Throughput_DL,float64,False,,NOT_USED,target/throughput/post-anomaly name guard,True,100.0,32148
LTE - PrimaryCell - PCell_BandWidth_DL,float64,False,,NOT_USED,not selected for any model objective,False,99.99379614119984,2
LTE - Serving - BandWidth_DL,float64,False,,NOT_USED,not selected for any model objective,False,99.99379614119984,2
LTE.LTE_Data_KPI.Agg_Bandwidth_DL,float64,False,,NOT_USED,not selected for any model objective,False,99.99379614119984,6
LTE - PrimaryCell - PCell_Band,float64,False,,NOT_USED,not selected for any model objective,False,100.0,4
LTE - PrimaryCell - PCell_EARFCN_DL,float64,False,,NOT_USED,not selected for any model objective,False,100.0,8
LTE - PrimaryCell - PCell_PCI,float64,False,,NOT_USED,not selected for any model objective,False,100.0,186
LTE - PrimaryCell Radio - PCell_RSRQ,float64,False,,NOT_USED,not selected for any model objective,False,100.0,28612
LTE - PrimaryCell Radio - PCell_RSSI,float64,False,,NOT_USED,not selected for any model objective,False,100.0,31307
LTE - PrimaryCell Radio - PCell_SINR,float64,False,,NOT_USED,not selected for any model objective,False,100.0,31730
LTE - PrimaryCell Radio - RSRP,float64,False,,NOT_USED,not selected for any model objective,False,100.0,31592
LTE - Serving - Band,float64,False,,NOT_USED,not selected for any model objective,False,100.0,4
LTE - Serving - EARFCN_DL,float64,False,,NOT_USED,not selected for any model objective,False,100.0,8
LTE - Serving - PCI,float64,False,,NOT_USED,not selected for any model objective,False,100.0,186
LTE.DedicatedRadioLink.CarrierCount,float64,False,,NOT_USED,not selected for any model objective,False,100.0,3
LTE - Serving - ECI,float64,False,,NOT_USED,not selected for any model objective,False,99.81698616539487,627
LTE - Serving - EnodeBID,float64,False,,NOT_USED,not selected for any model objective,False,99.81698616539487,57
LTE - Serving - LCI,float64,False,,NOT_USED,not selected for any model objective,False,99.81698616539487,48
LTE - Serving - MCC,float64,False,,NOT_USED,not selected for any model objective,False,99.81698616539487,1
LTE - Serving - MNC,float64,False,,NOT_USED,not selected for any model objective,False,99.81698616539487,1
LTE - Serving - TAC,float64,False,,NOT_USED,not selected for any model objective,False,99.81698616539487,2
LTE.LTE_Data_KPI.Agg_RB_DL,float64,False,,NOT_USED,not selected for any model objective,False,100.0,286
LTE.LTE_Data_KPI.Agg_RB_UL,float64,False,,NOT_USED,not selected for any model objective,False,100.0,159
Location - Accuracy,float64,False,,NOT_USED,not selected for any model objective,False,100.0,13408
Location - Altitude,float64,False,,NOT_USED,not selected for any model objective,False,100.0,17193
Location - Latitude,float64,False,,NOT_USED,not selected for any model objective,False,100.0,27587
Location - Longitude,float64,False,,NOT_USED,not selected for any model objective,False,100.0,27548
Location - Speed,float64,False,,NOT_USED,not selected for any model objective,False,100.0,18415
id,str,False,,NOT_USED,target/throughput/post-anomaly name guard,True,100.0,271
imsi,int64,False,,NOT_USED,not selected for any model objective,False,100.0,1
timestamp,"datetime64[ns, UTC+02:00]",False,,NOT_USED,target/throughput/post-anomaly name guard,True,100.0,32238
id_imsi,str,False,,NOT_USED,not selected for any model objective,False,100.0,1
id_session_time_raw,str,False,,NOT_USED,not selected for any model objective,False,100.0,269
id_route_test_label,str,False,,NOT_USED,not selected for any model objective,False,100.0,2
id_log_time_raw,str,False,,NOT_USED,not selected for any model objective,False,100.0,271
id_session_time,datetime64[us],False,,NOT_USED,not selected for any model objective,False,100.0,269
id_log_time,datetime64[us],False,,NOT_USED,not selected for any model objective,False,100.0,271
id_location_label,str,False,,NOT_USED,not selected for any model objective,False,100.0,2
id_test_type,str,True,capability;capability_augmented;capability_pure;cell_aware;resource;temporal_lag,USED,objective-safe curated feature,False,100.0,2
date,object,False,,NOT_USED,target/throughput/post-anomaly name guard,True,100.0,4
hour,int32,False,,NOT_USED,not selected for any model objective,False,100.0,8
minute,int32,False,,NOT_USED,not selected for any model objective,False,100.0,60
sample_gap_seconds,float64,False,,NOT_USED,not selected for any model objective,False,99.52230287238663,1
session_elapsed_seconds,float64,True,capability;capability_augmented;capability_pure;cell_aware;lstm_temporal;resource;temporal_lag,USED,objective-safe curated feature,False,100.0,125
Activity.Start TimeStamp_parsed,"datetime64[us, UTC+02:00]",False,,NOT_USED,not selected for any model objective,False,0.5924685154165891,187
Activity.End TimeStamp_parsed,"datetime64[us, UTC+02:00]",False,,NOT_USED,not selected for any model objective,False,0.5924685154165891,191
activity_duration_seconds_from_timestamps,float64,False,,NOT_USED,not selected for any model objective,False,0.5924685154165891,73
has_valid_location,bool,False,,NOT_USED,not selected for any model objective,False,100.0,1
prev_lat,float64,False,,NOT_USED,not selected for any model objective,False,99.52230287238663,27465
prev_lon,float64,False,,NOT_USED,not selected for any model objective,False,99.52230287238663,27422
distance_from_prev_m,float64,True,capability;capability_augmented;capability_pure;cell_aware;lstm_temporal;resource;temporal_lag,USED,objective-safe curated feature,False,99.52230287238663,27801
latitude,float64,False,,NOT_USED,not selected for any model objective,False,100.0,27587
longitude,float64,False,,NOT_USED,not selected for any model objective,False,100.0,27548
speed,float64,True,capability;capability_augmented;capability_pure;cell_aware;lstm_temporal;resource;temporal_lag,USED,objective-safe curated feature,False,100.0,18415
location_accuracy,float64,True,capability;capability_augmented;capability_pure;cell_aware;resource;temporal_lag,USED,objective-safe curated feature,False,100.0,13408
altitude,float64,True,capability;capability_augmented;capability_pure;cell_aware;resource;temporal_lag,USED,objective-safe curated feature,False,100.0,17193
actual_lte_dl_throughput,float64,False,,NOT_USED,target/throughput/post-anomaly name guard,True,100.0,32148
serving_pci,float64,True,cell_aware,USED,objective-safe curated feature,False,100.0,186
serving_earfcn,float64,True,capability;capability_augmented;capability_pure;cell_aware;resource;temporal_lag,USED,objective-safe curated feature,False,100.0,8
serving_band,float64,True,capability;capability_augmented;capability_pure;cell_aware;resource;temporal_lag,USED,objective-safe curated feature,False,100.0,4
serving_eci,float64,True,cell_aware,USED,objective-safe curated feature,False,99.81698616539487,627
serving_enodebid,float64,False,,NOT_USED,not selected for any model objective,False,99.81698616539487,57
serving_lci,float64,False,,NOT_USED,not selected for any model objective,False,99.81698616539487,48
lte_rsrp,float64,True,capability;capability_augmented;capability_pure;cell_aware;lstm_temporal;resource;temporal_lag,USED,objective-safe curated feature,False,100.0,31592
lte_rsrq,float64,True,capability;capability_augmented;capability_pure;cell_aware;lstm_temporal;resource;temporal_lag,USED,objective-safe curated feature,False,100.0,28612
lte_sinr,float64,True,capability;capability_augmented;capability_pure;cell_aware;lstm_temporal;resource;temporal_lag,USED,objective-safe curated feature,False,100.0,31730
lte_rssi,float64,True,capability;capability_augmented;capability_pure;cell_aware;lstm_temporal;resource;temporal_lag,USED,objective-safe curated feature,False,100.0,31307
lte_cqi,float64,True,lstm_temporal;resource;temporal_lag,USED,objective-safe curated feature,False,99.66499162479062,15
lte_mcs,float64,True,lstm_temporal;resource;temporal_lag,USED,objective-safe curated feature,False,99.99689807059991,29
lte_bler,float64,True,lstm_temporal;resource;temporal_lag,USED,objective-safe curated feature,False,99.99689807059991,23189
lte_rank,float64,True,lstm_temporal;resource;temporal_lag,USED,objective-safe curated feature,False,99.6246665425895,4
lte_rb_count,float64,True,lstm_temporal;resource;temporal_lag,USED,objective-safe curated feature,False,99.99689807059991,98
lte_agg_rb_dl,float64,True,lstm_temporal;resource;temporal_lag,USED,objective-safe curated feature,False,100.0,286
lte_bandwidth_dl,float64,True,capability;capability_augmented;capability_pure;cell_aware;lstm_temporal;resource;temporal_lag,USED,objective-safe curated feature,False,99.99379614119984,2
lte_agg_bandwidth_dl,float64,True,capability;capability_augmented;capability_pure;cell_aware;lstm_temporal;resource;temporal_lag,USED,objective-safe curated feature,False,99.99379614119984,6
carrier_count,float64,True,capability;capability_augmented;capability_pure;cell_aware;lstm_temporal;resource;temporal_lag,USED,objective-safe curated feature,False,100.0,3
scell1_rsrp,float64,True,capability;capability_augmented;capability_pure;cell_aware;lstm_temporal;resource;temporal_lag,USED,objective-safe curated feature,False,72.41143991562751,22225
scell1_rsrq,float64,True,capability;capability_augmented;capability_pure;cell_aware;lstm_temporal;resource;temporal_lag,USED,objective-safe curated feature,False,72.38972640982692,20409
scell1_sinr,float64,True,capability;capability_augmented;capability_pure;cell_aware;lstm_temporal;resource;temporal_lag,USED,objective-safe curated feature,False,72.41143991562751,22481
scell1_cqi,float64,True,lstm_temporal;resource;temporal_lag,USED,objective-safe curated feature,False,70.63403436937776,15
scell1_mcs,float64,True,lstm_temporal;resource;temporal_lag,USED,objective-safe curated feature,False,68.78838637632607,32
scell1_bler,float64,True,lstm_temporal;resource;temporal_lag,USED,objective-safe curated feature,False,68.79148830572616,15644
scell1_rb_count,float64,True,lstm_temporal;resource;temporal_lag,USED,objective-safe curated feature,False,68.79148830572616,100
rach_latency,float64,False,,NOT_USED,not selected for any model objective,False,67.64687635709411,26
rach_result,str,False,,NOT_USED,not selected for any model objective,False,67.66238600409454,4
rach_reason,str,False,,NOT_USED,not selected for any model objective,False,67.66238600409454,4
has_lte_measurement,bool,False,,NOT_USED,not selected for any model objective,False,100.0,1
has_lte_dl_throughput,bool,False,,NOT_USED,target/throughput/post-anomaly name guard,True,100.0,1
is_download_test,bool,False,,NOT_USED,not selected for any model objective,False,100.0,1
download_activity_window_raw_flag,bool,True,capability;capability_augmented;cell_aware;resource;temporal_lag,USED,objective-safe curated feature,False,100.0,2
download_analysis_window_flag,bool,True,capability;capability_augmented;cell_aware;resource;temporal_lag,USED,objective-safe curated feature,False,100.0,2
download_context_label,str,True,capability;capability_augmented;cell_aware;resource;temporal_lag,USED,objective-safe curated feature,False,100.0,3
inactive_download_context_flag,bool,True,capability;capability_augmented;cell_aware;resource;temporal_lag,USED,objective-safe curated feature,False,100.0,2
rsrp_bin,str,True,capability_augmented,USED,objective-safe curated feature,False,100.0,4
rsrq_bin,str,True,capability_augmented,USED,objective-safe curated feature,False,100.0,4
sinr_bin,str,True,capability_augmented,USED,objective-safe curated feature,False,100.0,4
poor_rsrp_flag,bool,True,capability_augmented,USED,objective-safe curated feature,False,100.0,2
poor_rsrq_flag,bool,True,capability_augmented,USED,objective-safe curated feature,False,100.0,2
poor_sinr_flag,bool,True,capability_augmented,USED,objective-safe curated feature,False,100.0,2
high_bler_flag,bool,True,capability_augmented,USED,objective-safe curated feature,False,100.0,2
low_cqi_flag,bool,True,capability_augmented,USED,objective-safe curated feature,False,100.0,2
low_rb_allocation_flag,bool,True,capability_augmented,USED,objective-safe curated feature,False,100.0,2
neighbor_count,int64,True,capability;capability_augmented;capability_pure;cell_aware;resource;temporal_lag,USED,objective-safe curated feature,False,100.0,5
best_neighbor_rsrp,float64,True,capability;capability_augmented;capability_pure;cell_aware;lstm_temporal;resource;temporal_lag,USED,objective-safe curated feature,False,99.82008809479497,14835
strong_neighbor_count,int64,True,capability;capability_augmented;capability_pure;cell_aware;resource;temporal_lag,USED,objective-safe curated feature,False,100.0,5
serving_minus_best_neighbor_rsrp,float64,True,capability;capability_augmented;capability_pure;cell_aware;lstm_temporal;resource;temporal_lag,USED,objective-safe curated feature,False,99.82008809479497,31925
neighbor_pci_count,int64,True,capability;capability_augmented;capability_pure;cell_aware;resource;temporal_lag,USED,objective-safe curated feature,False,100.0,5
any_event_count_prev30s,int64,False,,NOT_USED,not selected for any model objective,False,100.0,1
near_any_event_prev_flag,bool,False,,NOT_USED,not selected for any model objective,False,100.0,1
any_event_count_pm30s,int64,False,,NOT_USED,target/throughput/post-anomaly name guard,True,100.0,1
near_any_event_flag,bool,False,,NOT_USED,not selected for any model objective,False,100.0,1
measurement_report_event_count_prev5s,int64,False,,NOT_USED,not selected for any model objective,False,100.0,1
near_measurement_report_event_prev_flag,bool,False,,NOT_USED,not selected for any model objective,False,100.0,1
measurement_report_event_count_pm5s,int64,False,,NOT_USED,target/throughput/post-anomaly name guard,True,100.0,1
near_measurement_report_event_flag,bool,False,,NOT_USED,not selected for any model objective,False,100.0,1
handover_execution_count_prev5s,int64,False,,NOT_USED,not selected for any model objective,False,100.0,1
near_handover_execution_prev_flag,bool,False,,NOT_USED,not selected for any model objective,False,100.0,1
handover_execution_count_pm5s,int64,False,,NOT_USED,target/throughput/post-anomaly name guard,True,100.0,1
near_handover_execution_flag,bool,False,,NOT_USED,not selected for any model objective,False,100.0,1
handover_failure_count_prev10s,int64,False,,NOT_USED,not selected for any model objective,False,100.0,1
near_handover_failure_prev_flag,bool,False,,NOT_USED,not selected for any model objective,False,100.0,1
handover_failure_count_pm10s,int64,False,,NOT_USED,target/throughput/post-anomaly name guard,True,100.0,1
near_handover_failure_flag,bool,False,,NOT_USED,not selected for any model objective,False,100.0,1
rach_attempt_count_prev10s,int64,False,,NOT_USED,not selected for any model objective,False,100.0,1
near_rach_attempt_prev_flag,bool,False,,NOT_USED,not selected for any model objective,False,100.0,1
rach_attempt_count_pm10s,int64,False,,NOT_USED,target/throughput/post-anomaly name guard,True,100.0,1
near_rach_attempt_flag,bool,False,,NOT_USED,not selected for any model objective,False,100.0,1
rach_failure_count_prev10s,int64,False,,NOT_USED,not selected for any model objective,False,100.0,1
near_rach_failure_prev_flag,bool,False,,NOT_USED,not selected for any model objective,False,100.0,1
rach_failure_count_pm10s,int64,False,,NOT_USED,target/throughput/post-anomaly name guard,True,100.0,1
near_rach_failure_flag,bool,False,,NOT_USED,not selected for any model objective,False,100.0,1
ca_activation_change_count_prev10s,int64,False,,NOT_USED,not selected for any model objective,False,100.0,1
near_ca_activation_change_prev_flag,bool,False,,NOT_USED,not selected for any model objective,False,100.0,1
ca_activation_change_count_pm10s,int64,False,,NOT_USED,target/throughput/post-anomaly name guard,True,100.0,1
near_ca_activation_change_flag,bool,False,,NOT_USED,not selected for any model objective,False,100.0,1
failure_other_count_prev10s,int64,False,,NOT_USED,not selected for any model objective,False,100.0,1
near_failure_other_prev_flag,bool,False,,NOT_USED,not selected for any model objective,False,100.0,1
failure_other_count_pm10s,int64,False,,NOT_USED,target/throughput/post-anomaly name guard,True,100.0,1
near_failure_other_flag,bool,False,,NOT_USED,not selected for any model objective,False,100.0,1
handover_mobility_count_pm5s,int64,False,,NOT_USED,target/throughput/post-anomaly name guard,True,100.0,1
near_handover_mobility_flag,bool,False,,NOT_USED,not selected for any model objective,False,100.0,1
ca_change_count_pm10s,int64,False,,NOT_USED,target/throughput/post-anomaly name guard,True,100.0,1
near_ca_change_flag,bool,False,,NOT_USED,not selected for any model objective,False,100.0,1
rach_count_pm10s,int64,False,,NOT_USED,target/throughput/post-anomaly name guard,True,100.0,1
near_rach_flag,bool,False,,NOT_USED,not selected for any model objective,False,100.0,1
rach_failure_direct_flag,bool,False,,NOT_USED,not selected for any model objective,False,100.0,2
ca_condition_label,str,True,capability;capability_augmented;capability_pure;cell_aware;resource;temporal_lag,USED,objective-safe curated feature,False,100.0,3
rb_usage_evidence_reliable_flag,bool,False,,NOT_USED,not selected for any model objective,False,100.0,1
reliable_rb_columns,str,False,,NOT_USED,not selected for any model objective,False,100.0,1
rb_reference_column,str,False,,NOT_USED,not selected for any model objective,False,100.0,1
rb_usage_value,float64,True,lstm_temporal;resource;temporal_lag,USED,objective-safe curated feature,False,100.0,286
rb_low_usage_threshold,float64,False,,NOT_USED,not selected for any model objective,False,100.0,1
rb_medium_usage_threshold,float64,False,,NOT_USED,not selected for any model objective,False,100.0,1
rb_high_usage_threshold,float64,False,,NOT_USED,not selected for any model objective,False,100.0,1
rb_low_usage_flag,bool,True,resource;temporal_lag,USED,objective-safe curated feature,False,100.0,2
rb_medium_or_high_usage_flag,bool,True,resource;temporal_lag,USED,objective-safe curated feature,False,100.0,2
rb_high_usage_flag,bool,True,resource;temporal_lag,USED,objective-safe curated feature,False,100.0,2
rb_usage_bucket,str,True,resource;temporal_lag,USED,objective-safe curated feature,False,100.0,4
rb_demand_confidence,str,False,,NOT_USED,not selected for any model objective,False,100.0,4
estimated_available_rb,float64,True,resource;temporal_lag,USED,objective-safe curated feature,False,100.0,5
rb_capacity_estimation_method,str,True,resource;temporal_lag,USED,objective-safe curated feature,False,100.0,3
rb_utilization_pct,float64,False,,NOT_USED,not selected for any model objective,False,100.0,471
lte_agg_rb_dl_bin,category,False,,NOT_USED,not selected for any model objective,False,100.0,7
ml_hour_sin,float64,True,capability;capability_augmented;capability_pure;cell_aware;lstm_temporal;resource;temporal_lag,USED,objective-safe curated feature,False,100.0,8
ml_hour_cos,float64,True,capability;capability_augmented;capability_pure;cell_aware;lstm_temporal;resource;temporal_lag,USED,objective-safe curated feature,False,100.0,8
rb_utilization_pct_clipped,float64,True,lstm_temporal;resource;temporal_lag,USED,objective-safe curated feature,False,100.0,370
rb_demand_confidence_ml,str,True,resource;temporal_lag,USED,objective-safe curated feature,False,100.0,4
ml_log1p_measurement_report_event_count_prev5s,float64,False,,NOT_USED,not selected for any model objective,False,100.0,1
ml_log1p_handover_execution_count_prev5s,float64,False,,NOT_USED,not selected for any model objective,False,100.0,1
ml_log1p_handover_failure_count_prev10s,float64,False,,NOT_USED,not selected for any model objective,False,100.0,1
ml_log1p_rach_attempt_count_prev10s,float64,False,,NOT_USED,not selected for any model objective,False,100.0,1
ml_log1p_rach_failure_count_prev10s,float64,False,,NOT_USED,not selected for any model objective,False,100.0,1
ml_log1p_ca_activation_change_count_prev10s,float64,False,,NOT_USED,not selected for any model objective,False,100.0,1
ml_log1p_failure_other_count_prev10s,float64,False,,NOT_USED,not selected for any model objective,False,100.0,1
ml_tp_log_lag_1,float64,True,temporal_lag,USED,objective-safe curated feature,False,99.15937713257647,31879
ml_tp_log_lag_2,float64,True,temporal_lag,USED,objective-safe curated feature,False,98.31875426515293,31609
ml_tp_log_lag_3,float64,True,temporal_lag,USED,objective-safe curated feature,False,97.47813139772938,31339
ml_tp_log_lag_5,float64,True,temporal_lag,USED,objective-safe curated feature,False,95.80308952168248,30803
ml_tp_log_lag_10,float64,True,temporal_lag,USED,objective-safe curated feature,False,91.63099447856567,29462
ml_tp_log_past_median_5,float64,True,temporal_lag,USED,objective-safe curated feature,False,98.31875426515293,18319
ml_tp_log_past_mean_10,float64,True,temporal_lag,USED,objective-safe curated feature,False,97.47813139772938,31425
ml_tp_log_past_slope_5,float64,True,temporal_lag,USED,objective-safe curated feature,False,95.80308952168248,30885
ml_rsrp_lag_1,float64,True,temporal_lag,USED,objective-safe curated feature,False,99.15937713257647,31334
ml_rsrp_past_mean_5,float64,True,temporal_lag,USED,objective-safe curated feature,False,98.31875426515293,31693
ml_sinr_lag_1,float64,True,temporal_lag,USED,objective-safe curated feature,False,99.15937713257647,31473
ml_sinr_past_mean_5,float64,True,temporal_lag,USED,objective-safe curated feature,False,98.31875426515293,31693
ml_rb_lag_1,float64,True,temporal_lag,USED,objective-safe curated feature,False,99.15937713257647,286
ml_rb_past_mean_5,float64,True,temporal_lag,USED,objective-safe curated feature,False,98.31875426515293,1560
ml_bler_lag_1,float64,True,temporal_lag,USED,objective-safe curated feature,False,99.15627520317638,23025
ml_bler_past_mean_5,float64,True,temporal_lag,USED,objective-safe curated feature,False,98.31565233575283,31434
ml_cqi_lag_1,float64,True,temporal_lag,USED,objective-safe curated feature,False,98.82436875736708,15
ml_cqi_past_mean_5,float64,True,temporal_lag,USED,objective-safe curated feature,False,97.98374588994353,119
ml_temporal_history_count,int64,True,temporal_lag,USED,objective-safe curated feature,False,100.0,21
