serving_cell_key,rows,sessions,median_tp_mbps,p10_tp_mbps,mean_tp_mbps,low_tp_pct,stat_anomaly_pct,rca_handoff_pct,median_p75_gap_mbps,p90_p75_gap_mbps,median_rsrp_dbm,median_rsrq_db,median_sinr_db,median_cqi,median_mcs,median_bler_pct,p90_bler_pct,median_rb_usage,median_tp_per_rb,approx_observation_latitude,approx_observation_longitude,gps_observation_rows,median_tp_badness,p10_tp_badness,anomaly_rate_badness,p75_gap_badness,cqi_badness,mcs_badness,bler_badness,sinr_badness,rsrq_badness,rsrp_badness,bad_entity_score_0_100,entity_label,bad_entity_rank,bad_entity_percentile,bad_entity_candidate_flag,rank_reliability,serving_pci,serving_eci,serving_earfcn,serving_band
ECI:1076426.0,94,4,2.183432,0.12251200000000001,4.970889592553191,89.36170212765957,91.48936170212765,52.12765957446809,42.270146,58.0663132,-104.29404199999999,-11.788886999999999,3.88006675,6.0,6.0,3.8684604,21.884668500000004,74.0,0.032549132467532466,-17.610075835,177.46139275000002,94,0.9962825278810409,0.966542750929368,0.9888475836431226,0.895910780669145,0.9553903345724907,0.9944237918215614,0.26394052044609667,0.9888475836431226,0.8141263940520446,0.8438661710037175,89.35,cell_key,2,99.63,True,MEDIUM,375.0,1076426.0,500.0,1.0
ECI:1071647.0,85,5,4.661624,0.27385760000000003,6.288916972941177,78.82352941176471,78.82352941176471,37.64705882352941,26.523032250000004,52.64792310000001,-102.95786,-10.908334,6.102128,6.0,11.0,7.7380953,14.038951400000004,67.0,0.06882628571428571,-17.8130051,177.4349241,85,0.9776951672862454,0.9368029739776952,0.9702602230483272,0.7434944237918215,0.9553903345724907,0.9330855018587361,0.5799256505576208,0.9033457249070632,0.6728624535315985,0.8029739776951673,88.27,cell_key,4,98.88,True,MEDIUM,395.0,1071647.0,1850.0,3.0
ECI:1069077.0,56,5,5.078936000000001,0.930688,11.178797839285716,60.71428571428571,66.07142857142857,42.857142857142854,10.592109499999996,29.112543999999996,-113.1402,-10.7055085,5.0736013,7.0,9.5,8.5612485,14.996135,75.5,0.06491430252100841,-17.7961861,177.398147595,56,0.9702602230483272,0.8847583643122676,0.9479553903345725,0.4349442379182156,0.8736059479553904,0.966542750929368,0.7434944237918215,0.9405204460966543,0.6282527881040892,0.9925650557620818,85.59,cell_key,7,97.77,True,MEDIUM,140.0,1069077.0,500.0,1.0
ECI:1073736.0,82,4,4.909248,0.7377023999999999,6.641640070731707,80.48780487804879,84.14634146341463,57.3170731707317,6.374488000000001,19.442858800000003,-104.66077999999999,-11.594877499999999,5.622657650000001,6.0,11.0,7.980496499999999,17.2050814,73.0,0.06236070535714286,-17.79672137,177.4070937,82,0.9739776951672863,0.895910780669145,0.9776951672862454,0.3159851301115242,0.9553903345724907,0.9330855018587361,0.6133828996282528,0.9182156133828996,0.7955390334572491,0.8513011152416357,84.52,cell_key,9,97.03,True,MEDIUM,363.0,1073736.0,9310.0,28.0
ECI:1065032.0,66,4,4.249308,0.009104000000000001,5.779770818181818,77.27272727272727,77.27272727272727,37.878787878787875,5.086268000000001,16.6612,-101.944927,-11.2481775,5.0725715000000005,6.0,10.0,7.0453738999999995,15.620519999999999,71.5,0.06408452631578947,-17.8128907,177.4432632,66,0.9814126394052045,0.9962825278810409,0.966542750929368,0.275092936802974,0.9553903345724907,0.9535315985130112,0.5427509293680297,0.9442379182156134,0.7174721189591078,0.7695167286245354,84.49,cell_key,10,96.65,True,MEDIUM,469.0,1065032.0,9310.0,28.0
ECI:1069126.0,124,5,7.11704,2.0053848,9.457514277419355,69.35483870967742,72.58064516129032,59.67741935483871,2.4886200000000005,13.2359452,-114.09296499999999,-11.481731,4.088952,6.0,10.0,8.7301335,17.7500952,86.0,0.08247973462681896,-17.788411834999998,177.393696205,124,0.9553903345724907,0.8252788104089219,0.9591078066914498,0.1970260223048327,0.9553903345724907,0.9535315985130112,0.79182156133829,0.9851301115241635,0.7769516728624535,0.9962825278810409,84.34,cell_key,11,96.28,True,HIGH,138.0,1069126.0,9310.0,28.0
ECI:1069086.0,106,4,9.039972,1.71634,11.565416273584905,54.71698113207547,57.54716981132076,46.22641509433962,3.501080000000001,16.839323999999998,-112.253505,-11.27045725,4.1204877,7.0,9.0,8.843848000000001,11.8816685,86.0,0.11144181052631577,-17.78594489,177.392151355,106,0.9405204460966543,0.8401486988847584,0.9330855018587361,0.23048327137546468,0.8736059479553904,0.9739776951672863,0.8215613382899628,0.9814126394052045,0.7211895910780669,0.9888475836431226,83.52,cell_key,12,95.91,True,HIGH,138.0,1069086.0,1850.0,3.0
ECI:1079062.0,50,2,12.715484,6.49992,14.754253949999999,32.0,38.0,24.0,50.47035425,72.5671364,-95.866263,-10.817622,8.508994000000001,7.0,15.0,8.843197,12.713922150000002,68.0,0.22776979487179488,-17.62309449,177.4416759,50,0.9107806691449815,0.620817843866171,0.8308550185873605,0.9479553903345725,0.8736059479553904,0.775092936802974,0.8141263940520446,0.7881040892193308,0.6394052044609665,0.49814126394052044,81.86,cell_key,14,95.17,True,MEDIUM,169.0,1079062.0,500.0,1.0
ECI:1066301.0,76,3,11.299451999999999,1.31406,14.57715090394737,46.05263157894737,55.26315789473685,38.15789473684211,19.344348999999998,45.8334615,-109.494575,-11.606956,6.695426299999999,8.0,14.0,7.39588285,12.7651495,85.5,0.13060014285714286,-17.74196125,177.44329077,76,0.9330855018587361,0.8661710037174721,0.9256505576208178,0.5910780669144982,0.7397769516728625,0.8345724907063197,0.5576208178438662,0.8884758364312267,0.7992565055762082,0.9628252788104089,81.77,cell_key,16,94.42,True,MEDIUM,487.0,1066301.0,40790.0,41.0
ECI:1079243.0,78,3,6.8998158499999995,3.4219704,7.478228393589744,80.76923076923077,83.33333333333334,62.82051282051282,3.850863999999999,9.867742395,-99.68152,-10.56504775,8.23281,7.0,15.5,13.5322545,23.5750618,16.0,0.36718079365079365,-17.610821015,177.44140592000002,78,0.9591078066914498,0.758364312267658,0.9739776951672863,0.241635687732342,0.8736059479553904,0.7453531598513011,0.9962825278810409,0.8104089219330854,0.587360594795539,0.6877323420074349,81.41,cell_key,17,94.05,True,MEDIUM,383.0,1079243.0,356.0,1.0
ECI:1076289.0,194,4,11.740904,4.0923632,13.972720135051546,37.628865979381445,43.29896907216495,28.865979381443296,25.984392750000005,57.36446420000001,-102.865735,-10.747864,9.9489645,7.0,16.0,8.4001695,13.338279300000005,77.0,0.17011745714285714,-17.615396255,177.46400565,194,0.929368029739777,0.7211895910780669,0.8810408921933085,0.7286245353159851,0.8736059479553904,0.7118959107806692,0.7026022304832714,0.6728624535315985,0.6356877323420075,0.7955390334572491,80.26,cell_key,21,92.57,True,HIGH,179.0,1076289.0,40988.0,41.0
ECI:1077825.0,184,8,6.288084,1.0284432000000001,8.10917422429348,72.28260869565217,77.17391304347827,61.95652173913043,62.72755699999999,99.91152525,-92.36057249999999,-10.862463,12.278529500000001,9.0,17.0,6.944144,15.366931500000002,101.0,0.06851731713900136,-17.6325643,177.4543708,184,0.966542750929368,0.8810408921933085,0.9628252788104089,0.9776951672862454,0.5892193308550185,0.6449814126394052,0.5390334572490706,0.5241635687732342,0.654275092936803,0.35315985130111527,79.94,cell_key,22,92.19,True,HIGH,167.0,1077825.0,40988.0,41.0
ECI:3636029.0,149,4,13.81016,5.8643888,16.778832013422818,37.58389261744966,39.59731543624161,22.818791946308725,57.702523,85.27290560000002,-92.92848,-10.355392,12.049462,8.0,15.0,9.782609,11.634292600000002,41.0,0.33043616,-17.6241006,177.4550852,149,0.8884758364312267,0.6505576208178439,0.8475836431226765,0.966542750929368,0.7397769516728625,0.775092936802974,0.9107806691449815,0.5390334572490706,0.5650557620817844,0.3754646840148699,79.65,cell_key,23,91.82,True,HIGH,231.0,3636029.0,41186.0,41.0
ECI:1064992.0,811,14,18.313736,2.048312,18.933855577428485,26.263871763255242,29.099876695437732,18.7422934648582,9.887304250000003,25.882608250000004,-105.96521,-11.054534,4.2872095,5.0,14.0,8.701855,17.870722,113.0,0.1670785714285714,-17.8128905,177.4432643,811,0.8141263940520446,0.8215613382899628,0.7063197026022305,0.4163568773234201,0.9944237918215614,0.8345724907063197,0.7806691449814126,0.9739776951672863,0.6914498141263941,0.8810408921933085,78.36,cell_key,25,91.08,True,HIGH,469.0,1064992.0,1850.0,3.0
ECI:1076429.0,128,3,6.88853985,2.3978952,8.8534269140625,63.28125,63.28125,35.15625,15.782541875000001,37.4446112,-100.59382500000001,-10.6905355,6.699628000000001,6.0,3.5,0.0,25.0,77.0,0.09675337863247863,-17.60973323,177.462074195,128,0.9628252788104089,0.8066914498141264,0.9405204460966543,0.5390334572490706,0.9553903345724907,1.0,0.0037174721189591076,0.8847583643122676,0.6245353159851301,0.7286245353159851,78.22,cell_key,26,90.71,True,HIGH,375.0,1076429.0,356.0,1.0
ECI:1064982.0,90,4,15.376695999999999,6.5627944000000005,22.44492241111111,30.0,34.44444444444444,22.22222222222222,11.502550999999999,28.95286920000002,-108.53349,-11.158778,4.958648,7.0,12.0,8.83412,14.6684681,94.5,0.1970231381118881,-17.8128905,177.4432647,90,0.8661710037174721,0.6171003717472119,0.7806691449814126,0.44981412639405205,0.8736059479553904,0.9089219330855018,0.8066914498141264,0.9553903345724907,0.7063197026022305,0.9368029739776952,78.21,cell_key,27,90.33,True,MEDIUM,469.0,1064982.0,500.0,1.0
ECI:1076266.0,120,3,13.59792775,6.702072,13.979253898333333,28.333333333333332,30.0,17.5,7.274289249999997,14.129084999999998,-109.352147,-12.577621,4.947599,6.0,17.0,10.6738725,14.6376085,69.0,0.195971387012987,-17.60476571,177.461137,120,0.895910780669145,0.6022304832713755,0.7230483271375465,0.34944237918215615,0.9553903345724907,0.6449814126394052,0.9516728624535316,0.9591078066914498,0.9070631970260223,0.9553903345724907,78.04,cell_key,28,89.96,False,HIGH,373.0,1076266.0,40790.0,41.0
ECI:1071637.0,139,5,13.008504,3.8328208,14.352511808629497,34.53237410071942,35.97122302158273,26.618705035971225,58.856846999999995,79.80096359999999,-102.5724,-10.104579,10.222341,10.0,17.0,8.6903305,12.1757712,81.0,0.17487048958333332,-17.80922097,177.43263486,139,0.9033457249070632,0.7323420074349443,0.8066914498141264,0.9702602230483272,0.44052044609665425,0.6449814126394052,0.7769516728624535,0.6579925650557621,0.5092936802973977,0.79182156133829,76.46,cell_key,32,88.48,False,HIGH,395.0,1071637.0,500.0,1.0
ECI:1067152.0,84,2,28.23748,0.0351216,25.719828190452382,26.190476190476193,27.380952380952383,16.666666666666664,-1.329073499999998,18.1595646,-111.82329,-12.297926,5.5020185,6.0,13.0,9.586003,15.3883689,96.0,0.2509222615755032,-17.78877476,177.44170807,84,0.724907063197026,0.9739776951672863,0.6765799256505576,0.11152416356877323,0.9553903345724907,0.8773234200743495,0.9033457249070632,0.9219330855018587,0.8773234200743495,0.9851301115241635,76.34,cell_key,33,88.1,False,MEDIUM,340.0,1067152.0,41384.0,41.0
ECI:1076279.0,97,3,15.498872,4.6077328,17.566882915463918,35.051546391752574,46.391752577319586,29.896907216494846,29.777895,67.79471930000001,-103.68619,-11.442307,9.446671,8.0,15.0,4.7115383,10.251461800000001,119.0,0.1479336,-17.614366,177.4625402,97,0.862453531598513,0.7063197026022305,0.8996282527881041,0.7695167286245354,0.7397769516728625,0.775092936802974,0.3828996282527881,0.7100371747211895,0.7695167286245354,0.8215613382899628,75.84,cell_key,35,87.36,False,MEDIUM,179.0,1076279.0,41384.0,41.0
ECI:1069080.0,65,4,8.357544,2.5839232,11.659226499999999,55.38461538461539,55.38461538461539,43.07692307692308,3.972923999999999,38.835321900000004,-111.24687,-10.054768,8.073255,9.0,13.0,8.08668,14.5171316,45.0,0.15448615384615383,-17.7962261,177.3991866,65,0.9442379182156134,0.7955390334572491,0.929368029739777,0.24907063197026022,0.5892193308550185,0.8773234200743495,0.620817843866171,0.8215613382899628,0.4795539033457249,0.9814126394052045,75.65,cell_key,36,86.99,False,MEDIUM,140.0,1069080.0,356.0,1.0
ECI:1076798.0,112,5,17.84618,1.2005640000000002,20.69451254375,35.714285714285715,54.46428571428571,37.5,45.474357,72.73886999999999,-92.168175,-11.9514415,7.43934655,10.0,14.0,4.146464,8.8555141,115.5,0.15400979860418745,-17.607826505,177.45477905,112,0.8252788104089219,0.8698884758364313,0.9219330855018587,0.9144981412639405,0.44052044609665425,0.8345724907063197,0.29739776951672864,0.8550185873605948,0.8475836431226765,0.3420074349442379,75.46,cell_key,37,86.62,False,HIGH,183.0,1076798.0,40790.0,41.0
ECI:1076541.0,77,7,15.258352,5.4526688000000005,16.36440440909091,29.87012987012987,36.36363636363637,23.376623376623375,21.748328,41.315512000000005,-108.86352,-11.332683,8.897828,8.0,12.0,5.042017,7.808501980000001,78.0,0.17512151515151517,-17.6080885,177.45698456,77,0.8698884758364313,0.6654275092936803,0.8122676579925651,0.6468401486988847,0.7397769516728625,0.9089219330855018,0.41263940520446096,0.7397769516728625,0.7434944237918215,0.9479553903345725,74.86,cell_key,39,85.87,False,MEDIUM,182.0,1076541.0,40790.0,41.0
ECI:1076369.0,153,7,18.928007,6.5768208,19.920836233333333,23.52941176470588,26.797385620915033,19.607843137254903,8.959276000000003,28.395846500000005,-104.77589,-12.074495,5.78764,7.0,13.0,9.078014,13.811859400000005,84.0,0.19817546666666666,-17.6067975,177.46163146,153,0.8029739776951673,0.6133828996282528,0.6617100371747212,0.3903345724907063,0.8736059479553904,0.8773234200743495,0.8550185873605948,0.9070631970260223,0.8550185873605948,0.8550185873605948,74.82,cell_key,40,85.5,False,HIGH,373.0,1076369.0,41384.0,41.0
ECI:1064757.0,126,8,15.606116,4.653855999999999,25.559643176984125,35.714285714285715,42.06349206349206,25.396825396825395,10.278008000000002,38.33637699999999,-109.511995,-11.013901,8.7605145,7.0,13.0,5.4846433,9.749994000000001,87.0,0.17200726453081233,-17.80153595,177.4167593,126,0.8587360594795539,0.7026022304832714,0.8661710037174721,0.42379182156133827,0.8736059479553904,0.8773234200743495,0.4312267657992565,0.7546468401486989,0.6802973977695167,0.9702602230483272,74.65,cell_key,41,85.13,False,HIGH,147.0,1064757.0,41384.0,41.0
ECI:1077820.0,113,4,16.292616,3.1606016000000006,20.225222526548674,34.51327433628318,53.98230088495575,39.823008849557525,45.733184,78.5886214,-97.90453,-10.068673,10.940743,9.0,18.0,6.6037736,13.820512199999998,123.0,0.1326169090909091,-17.63773726,177.46124209,113,0.8550185873605948,0.7806691449814126,0.9182156133828996,0.929368029739777,0.5892193308550185,0.5594795539033457,0.5130111524163569,0.620817843866171,0.48698884758364314,0.5910780669144982,74.33,cell_key,42,84.76,False,HIGH,165.0,1077820.0,40790.0,41.0
ECI:3640385.0,50,4,24.006056,3.0894792,26.47799802,36.0,38.0,30.0,36.485761999999994,67.76227965,-96.92221,-12.51476125,9.694586000000001,7.0,19.5,7.21795965,11.0481798,90.0,0.2964410476190476,-17.632927305,177.45631578500002,50,0.7620817843866171,0.7843866171003717,0.8308550185873605,0.862453531598513,0.8736059479553904,0.4275092936802974,0.5464684014869888,0.6914498141263941,0.8996282527881041,0.5353159851301115,74.33,cell_key,43,84.39,False,MEDIUM,275.0,3640385.0,41384.0,41.0
ECI:1065543.0,109,3,27.299591,2.75672,25.346212933944955,33.94495412844037,35.77981651376147,21.100917431192663,68.37133700000001,117.13442900000001,-88.40399,-9.609976,13.54778,8.0,18.0,12.156167,20.2403568,88.0,0.29932045714285715,-17.79134601,177.42347895,109,0.7323420074349443,0.79182156133829,0.7992565055762082,0.9814126394052045,0.7397769516728625,0.5594795539033457,0.9888475836431226,0.4200743494423792,0.3159851301115242,0.22304832713754646,74.01,cell_key,44,84.01,False,HIGH,132.0,1065543.0,9310.0,28.0
ECI:1080641.0,61,5,20.346825,4.679648,31.84898237377049,27.86885245901639,44.26229508196721,27.86885245901639,20.5341155,46.596914999999996,-100.00189,-11.045139,11.271188,7.0,10.0,4.9865227,10.097965,151.0,0.15341374193548388,-17.61670226,177.46167786,61,0.7881040892193308,0.6951672862453532,0.8884758364312267,0.6133828996282528,0.8736059479553904,0.9535315985130112,0.4052044609665427,0.5985130111524164,0.6877323420074349,0.7026022304832714,73.89,cell_key,45,83.64,False,MEDIUM,353.0,1080641.0,40988.0,41.0
ECI:1080630.0,67,4,12.851496,3.1885936,23.734130194029852,38.80597014925373,44.776119402985074,28.35820895522388,11.994732000000003,57.120473649999994,-110.138115,-10.083333,8.464286,7.0,12.0,2.672148,7.5638796,83.0,0.16009632432432433,-17.6360168,177.47601297,67,0.9070631970260223,0.7769516728624535,0.8921933085501859,0.45724907063197023,0.8736059479553904,0.9089219330855018,0.05947955390334572,0.79182156133829,0.49814126394052044,0.9739776951672863,73.46,cell_key,47,82.9,False,MEDIUM,352.0,1080630.0,41384.0,41.0
ECI:1079606.0,51,4,11.9552,3.830312,12.278469137254902,37.254901960784316,43.13725490196079,19.607843137254903,9.591124500000001,28.408399000000003,-106.71287,-11.221301,7.5777774,7.0,14.0,2.435724,8.194445,79.0,0.1398658313253012,-17.6298634,177.440049,51,0.9219330855018587,0.7360594795539034,0.8736059479553904,0.40892193308550184,0.8736059479553904,0.8345724907063197,0.03345724907063197,0.8438661710037175,0.7137546468401487,0.895910780669145,72.78,cell_key,50,81.78,False,MEDIUM,345.0,1079606.0,41384.0,41.0
ECI:1077823.0,51,2,14.800088,7.001816,17.689507333333335,27.450980392156865,35.294117647058826,31.372549019607842,31.207269999999998,67.07861799999999,-94.07617,-11.335396,7.2087913,9.0,15.0,4.6979866,8.725491,109.0,0.1491202891566265,-17.63702856,177.45542658,51,0.8773234200743495,0.5947955390334573,0.79182156133829,0.8066914498141264,0.5892193308550185,0.775092936802974,0.379182156133829,0.8661710037174721,0.7472118959107806,0.4163568773234201,72.33,cell_key,51,81.41,False,MEDIUM,165.0,1077823.0,40988.0,41.0
ECI:1076287.0,80,2,18.936172499999998,8.475848000000001,20.53358263125,28.749999999999996,30.0,26.25,17.051423250000003,32.14791250000001,-101.442604,-11.2828315,10.4648525,8.0,17.0,10.3899985,14.200453300000003,64.5,0.24382538775510204,-17.604298139999997,177.479006755,80,0.7992565055762082,0.550185873605948,0.7230483271375465,0.550185873605948,0.7397769516728625,0.6449814126394052,0.9219330855018587,0.6468401486988847,0.724907063197026,0.7546468401486989,71.55,cell_key,55,79.93,False,MEDIUM,177.0,1076287.0,40988.0,41.0
ECI:1064767.0,81,5,31.11508,0.005648,35.966354074074076,30.864197530864196,34.5679012345679,17.28395061728395,6.828002999999988,23.661564749999993,-107.243126,-10.975625,8.205376,8.0,13.0,6.3909774,10.72827,154.0,0.24133553488372092,-17.7998821,177.41955336,81,0.6728624535315985,1.0,0.7843866171003717,0.3271375464684015,0.7397769516728625,0.8773234200743495,0.4944237918215613,0.8141263940520446,0.6765799256505576,0.9033457249070632,71.05,cell_key,57,79.18,False,MEDIUM,147.0,1064767.0,40988.0,41.0
ECI:1079574.0,55,4,18.601831,9.7132336,23.08671124909091,18.181818181818183,23.636363636363637,18.181818181818183,13.983038999999998,28.912405030000002,-94.96506,-11.8984375,7.094624,7.0,17.0,9.121061,12.373823,77.0,0.2451530821917808,-17.6273837,177.432869,55,0.8104089219330854,0.5055762081784386,0.5910780669144982,0.5055762081784386,0.8736059479553904,0.6449814126394052,0.8587360594795539,0.8698884758364313,0.8401486988847584,0.45353159851301117,71.04,cell_key,58,78.81,False,MEDIUM,346.0,1079574.0,500.0,1.0
ECI:3640375.0,161,7,30.873167,0.731248,36.82416649875776,30.434782608695656,32.298136645962735,17.391304347826086,39.437400999999994,87.811049,-89.076675,-11.76375,13.641109,8.0,18.0,8.114035,11.99422,96.0,0.35693908661417323,-17.63173964,177.45590493,161,0.6840148698884758,0.8996282527881041,0.7620817843866171,0.8773234200743495,0.7397769516728625,0.5594795539033457,0.6282527881040892,0.40892193308550184,0.8104089219330854,0.24535315985130113,70.92,cell_key,59,78.44,False,HIGH,275.0,3640375.0,40988.0,41.0
ECI:3640371.0,53,2,30.775808,3.3728064000000004,44.52982364150943,24.528301886792452,32.075471698113205,28.30188679245283,18.723754999999997,52.1894606,-100.33188,-11.507353,8.938095,7.0,18.0,8.088889,11.863179200000003,101.0,0.3351810397727273,-17.63640264,177.4605745,53,0.6877323420074349,0.7657992565055762,0.7546468401486989,0.5836431226765799,0.8736059479553904,0.5594795539033457,0.6245353159851301,0.7323420074349443,0.7843866171003717,0.7174721189591078,70.45,cell_key,60,78.07,False,MEDIUM,271.0,3640371.0,40790.0,41.0
ECI:1067148.0,83,2,27.183935,0.7135728,32.897478535903616,21.686746987951807,30.120481927710845,28.915662650602407,12.978757000000002,67.74875019999998,-97.70119,-10.824142,9.423332,10.0,18.0,11.530249,16.7977384,143.0,0.2339709893617021,-17.77310907,177.43430519,83,0.7397769516728625,0.9070631970260223,0.7286245353159851,0.483271375464684,0.44052044609665425,0.5594795539033457,0.9776951672862454,0.7137546468401487,0.6431226765799256,0.5762081784386617,70.35,cell_key,61,77.7,False,MEDIUM,339.0,1067148.0,41186.0,41.0
ECI:1066048.0,89,2,34.952847,0.14898720000000001,36.64370988191011,32.58426966292135,41.57303370786517,35.95505617977528,22.817393000000003,64.5796646,-98.81387,-10.328589,12.003997,9.0,20.0,8.944794,14.839424500000002,105.0,0.325424,-17.7693282,177.44018496,89,0.6171003717472119,0.9628252788104089,0.862453531598513,0.6765799256505576,0.5892193308550185,0.36617100371747213,0.8364312267657993,0.5539033457249071,0.5576208178438662,0.6394052044609665,68.98,cell_key,62,77.32,False,MEDIUM,123.0,1066048.0,40988.0,41.0
ECI:1076277.0,51,2,17.90932,7.052544,19.37973649019608,19.607843137254903,31.372549019607842,25.49019607843137,27.9141305,49.9609235,-98.34233,-10.30013,11.295747,9.0,15.0,4.6296296,11.3138685,122.0,0.16364630894308943,-17.6045822,177.4779903,51,0.8215613382899628,0.5910780669144982,0.7472118959107806,0.758364312267658,0.5892193308550185,0.775092936802974,0.3754646840148699,0.5910780669144982,0.550185873605948,0.6096654275092936,67.74,cell_key,66,75.84,False,MEDIUM,177.0,1076277.0,41384.0,41.0
ECI:1081652.0,62,3,20.584864500000002,8.9329624,25.848229353225808,16.129032258064516,38.70967741935484,38.70967741935484,43.385698500000004,68.96885135000001,-93.1580045,-10.388021,13.1264125,8.0,15.5,3.4964082000000003,6.3918722599999995,135.0,0.2000651291020807,-17.64101703,177.42155011,62,0.7843866171003717,0.5390334572490706,0.8364312267657993,0.9033457249070632,0.7397769516728625,0.7453531598513011,0.1970260223048327,0.45724907063197023,0.5724907063197026,0.3903345724907063,67.13,cell_key,69,74.72,False,MEDIUM,356.0,1081652.0,41186.0,41.0
ECI:1065268.0,136,5,30.89038,0.20100800000000002,30.307681896985294,34.55882352941176,36.76470588235294,35.294117647058826,2.468474749999997,21.708888375,-107.81425,-10.849432,8.326402,8.0,15.0,4.196513749999999,9.766848,97.0,0.24882157652071007,-17.798945005,177.4145676,136,0.6802973977695167,0.9516728624535316,0.8215613382899628,0.19330855018587362,0.7397769516728625,0.775092936802974,0.3048327137546468,0.8029739776951673,0.6468401486988847,0.9182156133828996,66.93,cell_key,70,74.35,False,HIGH,146.0,1065268.0,41186.0,41.0
ECI:3635992.0,129,2,50.32315,0.2447264,50.52213291394573,15.503875968992247,21.705426356589147,20.155038759689923,28.79352500000001,90.14195150000003,-92.55719,-15.511792,6.740449,9.0,18.0,10.58201,12.2603746,97.0,0.5585004910714286,-17.61928344,177.465428,129,0.40148698884758366,0.9405204460966543,0.5427509293680297,0.7620817843866171,0.5892193308550185,0.5594795539033457,0.9330855018587361,0.8810408921933085,0.9888475836431226,0.3643122676579926,65.67,cell_key,73,73.23,False,MEDIUM,234.0,3635992.0,500.0,1.0
ECI:3638804.0,57,2,50.28357,2.4984752000000015,52.356906631543865,14.035087719298245,24.561403508771928,24.561403508771928,45.49862499999999,154.8046731,-91.54915,-14.481618,10.146739,10.0,17.0,10.187933,12.4106526,94.0,0.5441630337078651,-17.62189343,177.46369197,57,0.4052044609665427,0.7992565055762082,0.6226765799256505,0.9182156133828996,0.44052044609665425,0.6449814126394052,0.9182156133828996,0.6617100371747212,0.9702602230483272,0.31970260223048325,64.24,cell_key,74,72.86,False,MEDIUM,250.0,3638804.0,500.0,1.0
ECI:1067153.0,250,9,31.814252,10.828539950000001,33.88056848,12.0,22.400000000000002,22.0,21.9642675,56.24932289999998,-99.48385,-11.519254499999999,9.862783,9.0,17.0,9.41227675,14.689654799999998,137.0,0.24440596791383218,-17.7765064,177.4328884,250,0.6505576208178439,0.43866171003717475,0.5724907063197026,0.654275092936803,0.5892193308550185,0.6449814126394052,0.8810408921933085,0.6840148698884758,0.7881040892193308,0.6765799256505576,63.99,cell_key,76,72.12,False,HIGH,338.0,1067153.0,41384.0,41.0
ECI:1079093.0,64,2,30.7202445,8.492439200000002,29.715397468749998,14.0625,17.1875,14.0625,14.7685785,37.549734300000004,-97.224118,-12.331357,5.36461665,8.0,12.0,5.85809635,11.358968100000002,182.0,0.18373194086021505,-17.617332105,177.44769185,64,0.6914498141263941,0.5464684014869888,0.3940520446096654,0.5278810408921933,0.7397769516728625,0.9089219330855018,0.4646840148698885,0.9256505576208178,0.8810408921933085,0.5576208178438662,63.75,cell_key,77,71.75,False,MEDIUM,168.0,1079093.0,41384.0,41.0
ECI:1082162.0,106,6,29.889268,0.58464,42.02231612075472,21.69811320754717,33.9622641509434,21.69811320754717,30.770578499999996,79.879673,-90.044475,-10.295723500000001,12.8692435,10.0,17.5,3.504511,9.4261785,161.0,0.21893298724489796,-17.605247249999998,177.45123562499998,106,0.7063197026022305,0.9144981412639405,0.7769516728624535,0.7992565055762082,0.44052044609665425,0.6059479553903345,0.20446096654275092,0.4795539033457249,0.5464684014869888,0.26394052044609667,63.61,cell_key,78,71.38,False,HIGH,139.0,1082162.0,41186.0,41.0
ECI:1067151.0,136,7,25.3177955,5.644640000000001,29.35997326102941,13.23529411764706,19.11764705882353,18.38235294117647,2.4048560000000014,18.06962675,-104.50951,-11.4115885,11.297177999999999,10.0,15.0,11.2903075,17.724702,87.0,0.31373609280898873,-17.774035249999997,177.43710452,136,0.7509293680297398,0.654275092936803,0.4721189591078067,0.1821561338289963,0.44052044609665425,0.775092936802974,0.9739776951672863,0.587360594795539,0.7657992565055762,0.8475836431226765,63.21,cell_key,79,71.0,False,HIGH,339.0,1067151.0,41384.0,41.0
ECI:1070366.0,78,3,45.058786,0.5172128,41.6187313974359,17.94871794871795,28.205128205128204,15.384615384615385,20.985918749999993,48.57163199999999,-102.44504,-9.932648499999999,13.034453500000001,8.0,17.5,7.65318635,11.8941465,157.0,0.30739648562367866,-17.780039809999998,177.48688572,78,0.48698884758364314,0.9182156133828996,0.6951672862453532,0.620817843866171,0.7397769516728625,0.6059479553903345,0.5762081784386617,0.4684014869888476,0.4275092936802974,0.7881040892193308,62.54,cell_key,80,70.63,False,MEDIUM,333.0,1070366.0,1850.0,3.0
ECI:1067041.0,106,4,23.07228,9.284863999999999,30.56950924528302,11.320754716981133,17.92452830188679,17.92452830188679,45.586650750000004,101.8006365,-97.987435,-9.455046,12.547334,10.0,19.0,8.9022215,18.6656485,87.0,0.29356290176882854,-17.770091495,177.43508444999998,106,0.7732342007434945,0.5278810408921933,0.43866171003717475,0.9219330855018587,0.44052044609665425,0.4739776951672863,0.828996282527881,0.5055762081784386,0.26765799256505574,0.5985130111524164,62.38,cell_key,81,70.26,False,HIGH,339.0,1067041.0,1850.0,3.0
ECI:3636033.0,345,8,31.482656,7.286776,41.618321001449274,14.492753623188406,17.681159420289855,13.623188405797102,40.0827555,71.47715400000001,-96.03831,-9.864375,14.564891,9.0,17.0,9.463488,11.488533799999999,74.0,0.4592662037037037,-17.61676556,177.4502069,345,0.6617100371747212,0.5687732342007435,0.4312267657992565,0.8847583643122676,0.5892193308550185,0.6449814126394052,0.8847583643122676,0.3271375464684015,0.40148698884758366,0.516728624535316,62.32,cell_key,82,69.89,False,HIGH,232.0,3636033.0,41384.0,41.0
ECI:1066294.0,633,13,19.536535,1.4225600000000003,27.99612084388626,32.38546603475513,40.758293838862556,22.274881516587676,17.821284000000002,69.3763765,-100.87101,-9.7244625,14.870931,11.0,19.0,4.2627535,9.437880800000002,71.0,0.26538673863636364,-17.7391762,177.45668877,633,0.7955390334572491,0.8550185873605948,0.8550185873605948,0.5687732342007435,0.2955390334572491,0.4739776951672863,0.3159851301115242,0.30855018587360594,0.3680297397769517,0.7323420074349443,61.65,cell_key,87,68.03,False,HIGH,487.0,1066294.0,41384.0,41.0
ECI:1080085.0,125,6,44.65039,4.1818336,50.497135848,16.0,24.0,16.8,23.039171749999998,98.17960300000003,-95.10059,-10.217203,8.629885,9.0,18.0,8.374384,11.785601000000002,142.0,0.3353294121212121,-17.6071799,177.4603235,125,0.49070631970260226,0.7174721189591078,0.5947955390334573,0.6802973977695167,0.5892193308550185,0.5594795539033457,0.6877323420074349,0.7657992565055762,0.5390334572490706,0.4646840148698885,60.34,cell_key,89,67.29,False,HIGH,196.0,1080085.0,500.0,1.0
ECI:1065532.0,67,4,32.33895,6.786995200000003,32.93694207462686,11.940298507462686,25.37313432835821,25.37313432835821,16.117314999999998,69.4166633,-103.691574,-10.194231,11.022471,8.0,16.0,3.101737,7.959904999999999,93.0,0.2712557405405406,-17.78027853,177.43011923,67,0.6468401486988847,0.5985130111524164,0.6468401486988847,0.5464684014869888,0.7397769516728625,0.7118959107806692,0.1412639405204461,0.6096654275092936,0.5315985130111525,0.8252788104089219,59.17,cell_key,92,66.17,False,MEDIUM,134.0,1065532.0,40790.0,41.0
ECI:3638837.0,204,4,37.392572,6.4239584,42.08188286470588,13.23529411764706,17.647058823529413,16.666666666666664,19.990406000000004,56.89601020000001,-97.76744500000001,-12.5001405,10.851839,8.0,20.0,8.196773499999999,11.3200985,83.0,0.4436010866628615,-17.617321285,177.464943265,204,0.5724907063197026,0.6282527881040892,0.4256505576208178,0.6022304832713755,0.7397769516728625,0.36617100371747213,0.6505576208178439,0.6282527881040892,0.895910780669145,0.5799256505576208,58.75,cell_key,94,65.43,False,HIGH,253.0,3638837.0,40988.0,41.0
ECI:1067720.0,131,4,57.694927,0.031944,55.378382152671755,14.50381679389313,19.84732824427481,14.50381679389313,17.716399999999993,86.969345,-99.46023,-9.775,10.721841,9.0,17.0,8.756567,13.058187,140.0,0.4336671408450704,-17.81517401,177.39639986,131,0.3643122676579926,0.9776951672862454,0.49070631970260226,0.5650557620817844,0.5892193308550185,0.6449814126394052,0.7955390334572491,0.6356877323420075,0.37174721189591076,0.6728624535315985,58.52,cell_key,95,65.06,False,HIGH,351.0,1067720.0,500.0,1.0
ECI:1065271.0,145,4,29.561224,3.4985983999999997,29.58474076896552,26.89655172413793,30.344827586206897,20.689655172413794,2.6132400000000002,22.2288957,-106.18883,-10.050505,12.43297,10.0,18.0,5.594901,10.374449399999998,78.0,0.4078333333333334,-17.7977396,177.4148413,145,0.7100371747211895,0.7509293680297398,0.7323420074349443,0.20446096654275092,0.44052044609665425,0.5594795539033457,0.43866171003717475,0.5092936802973977,0.4758364312267658,0.8847583643122676,58.32,cell_key,96,64.68,False,HIGH,146.0,1065271.0,41384.0,41.0
ECI:1064764.0,64,4,32.45998,9.282308,38.7818489203125,14.0625,18.75,14.0625,10.1304265,31.915861350000007,-105.908025,-10.6169555,8.4412035,9.0,16.0,6.28361605,10.960810900000002,92.5,0.29439189494382023,-17.792942395,177.42265347,64,0.6431226765799256,0.5315985130111525,0.45724907063197023,0.4200743494423792,0.5892193308550185,0.7118959107806692,0.48698884758364314,0.7955390334572491,0.6022304832713755,0.8736059479553904,57.99,cell_key,97,64.31,False,MEDIUM,147.0,1064764.0,40790.0,41.0
ECI:1081660.0,62,3,35.816572,15.751038400000002,37.87816032258065,6.451612903225806,17.741935483870968,17.741935483870968,18.559933500000003,39.8034849,-99.279398,-11.8388995,8.3120285,8.0,14.5,4.27059285,7.453690969999999,171.5,0.21876289554135223,-17.62768639,177.43282812500001,62,0.6022304832713755,0.34944237918215615,0.4349442379182156,0.5762081784386617,0.7397769516728625,0.8066914498141264,0.31970260223048325,0.8066914498141264,0.8327137546468402,0.6617100371747212,57.21,cell_key,99,63.57,False,MEDIUM,354.0,1081660.0,40790.0,41.0
ECI:1068852.0,63,4,31.258448,9.1254736,35.21729445079365,20.634920634920633,33.33333333333333,25.396825396825395,21.742942999999997,59.80062390000001,-103.943054,-9.663306,12.921978,12.0,16.0,4.5177045,9.671129000000002,127.0,0.2827003870967742,-17.7656779,177.4682445,63,0.6691449814126395,0.5353159851301115,0.7713754646840149,0.6431226765799256,0.18029739776951673,0.7118959107806692,0.36059479553903345,0.4721189591078067,0.3382899628252788,0.8327137546468402,56.57,cell_key,101,62.83,False,MEDIUM,112.0,1068852.0,41186.0,41.0
ECI:1065267.0,285,6,30.343168,11.023273600000003,36.83645780350877,11.228070175438596,18.24561403508772,13.684210526315791,6.668061750000007,39.091638499999995,-108.16848,-10.573944,11.143752,9.0,14.0,5.052431,8.7648438,92.0,0.3184425714285714,-17.8159709,177.3955939,285,0.7026022304832714,0.4349442379182156,0.44981412639405205,0.32342007434944237,0.5892193308550185,0.8345724907063197,0.4163568773234201,0.6022304832713755,0.5910780669144982,0.9219330855018587,56.42,cell_key,102,62.45,False,HIGH,145.0,1065267.0,41186.0,41.0
ECI:1082175.0,103,3,41.463047,3.910662400000002,38.38849654368932,15.53398058252427,25.24271844660194,21.35922330097087,35.336090999999996,75.82257584999999,-90.33026,-10.193182,10.994737,10.0,18.0,3.567681,7.425509679999999,167.0,0.2450787385620915,-17.6055162,177.44980191,103,0.5204460966542751,0.7286245353159851,0.6431226765799256,0.8475836431226765,0.44052044609665425,0.5594795539033457,0.22676579925650558,0.6171003717472119,0.5278810408921933,0.2862453531598513,56.13,cell_key,103,62.08,False,HIGH,139.0,1082175.0,40988.0,41.0
ECI:1064755.0,282,8,45.679531499999996,1.5886168000000003,39.39101665134752,24.822695035460992,28.723404255319153,18.79432624113475,7.6184415,40.086919949999995,-98.96654000000001,-10.584862000000001,8.562197,11.0,17.0,6.1672759,10.1378389,155.0,0.30122849503759397,-17.80703805,177.42257921,282,0.4758364312267658,0.8513011152416357,0.6988847583643123,0.36059479553903345,0.2955390334572491,0.6449814126394052,0.4721189591078067,0.7769516728624535,0.5947955390334573,0.6505576208178439,55.98,cell_key,104,61.71,False,HIGH,148.0,1064755.0,41186.0,41.0
ECI:1071666.0,95,6,31.518152,1.696264,29.008407708421053,27.368421052631582,35.78947368421053,23.157894736842106,13.290736000000003,40.707430600000016,-98.75399,-9.676361,15.216484,10.0,18.0,2.6143792,8.210067200000008,73.0,0.4071792,-17.80575127,177.430548,95,0.6579925650557621,0.8438661710037175,0.8029739776951673,0.49070631970260226,0.44052044609665425,0.5594795539033457,0.05204460966542751,0.2899628252788104,0.35315985130111527,0.6282527881040892,55.73,cell_key,105,61.34,False,MEDIUM,393.0,1071666.0,41186.0,41.0
ECI:1076799.0,259,3,34.43976,2.4677216000000013,33.594525191119686,18.91891891891892,37.83783783783784,32.04633204633205,71.97804525000001,99.31645485,-80.22768,-10.023515,20.19,12.0,23.0,4.83871,7.801814920000002,119.0,0.28619025454545455,-17.6033905,177.4529797,259,0.6282527881040892,0.8029739776951673,0.8252788104089219,0.9851301115241635,0.18029739776951673,0.120817843866171,0.3940520446096654,0.06319702602230483,0.44981412639405205,0.055762081784386616,54.92,cell_key,107,60.59,False,HIGH,184.0,1076799.0,40988.0,41.0
ECI:3638848.0,167,3,62.631905,0.17430720000000002,65.81233426646406,17.365269461077844,26.34730538922156,19.760479041916167,17.443214999999995,109.47712750000002,-85.0881,-13.084906,14.245454,8.0,20.0,5.6628056,10.2666466,139.0,0.4284501878453039,-17.6262108,177.46541875,167,0.3271375464684015,0.9553903345724907,0.6505576208178439,0.5613382899628253,0.7397769516728625,0.36617100371747213,0.44981412639405205,0.37174721189591076,0.9368029739776952,0.1524163568773234,54.82,cell_key,108,60.22,False,HIGH,254.0,3638848.0,41384.0,41.0
ECI:1067060.0,196,4,38.71758,10.735412,40.18695786989796,9.693877551020408,21.93877551020408,21.93877551020408,17.3623105,48.0721055,-98.77972199999999,-10.5209565,12.008956999999999,9.0,18.0,7.339777,12.358568,96.0,0.32189072906976746,-17.77661552,177.431286435,196,0.5539033457249071,0.4423791821561338,0.5576208178438662,0.5576208178438662,0.5892193308550185,0.5594795539033457,0.5539033457249071,0.550185873605948,0.5799256505576208,0.6356877323420075,54.78,cell_key,109,59.85,False,HIGH,129.0,1067060.0,41186.0,41.0
ECI:1067553.0,204,4,37.5814915,10.007363200000002,36.05792486764706,12.745098039215685,16.666666666666664,10.294117647058822,32.6729625,71.4528641,-92.004205,-9.439453,13.0908105,9.0,19.0,8.571112,11.5161583,87.0,0.3991832849122807,-17.816197,177.39540949000002,204,0.5687732342007435,0.4795539033457249,0.3736059479553903,0.8252788104089219,0.5892193308550185,0.4739776951672863,0.7472118959107806,0.46096654275092935,0.24907063197026022,0.3382899628252788,54.68,cell_key,110,59.48,False,HIGH,351.0,1067553.0,1850.0,3.0
ECI:1071136.0,183,2,66.40669,0.029359999999999997,55.57608456721038,21.85792349726776,26.775956284153008,21.311475409836063,11.068242499999997,79.5478993,-91.31383,-10.029481,11.051615,9.0,20.0,8.584241,13.226412000000007,175.0,0.40016867816091956,-17.7371849,177.4599081,183,0.2899628252788104,0.9814126394052045,0.6579925650557621,0.44609665427509293,0.5892193308550185,0.36617100371747213,0.7509293680297398,0.6059479553903345,0.45353159851301117,0.30855018587360594,54.44,cell_key,111,59.11,False,MEDIUM,338.0,1071136.0,1850.0,3.0
ECI:1077525.0,96,4,46.797037,14.968844,46.140007562499996,5.208333333333334,14.583333333333334,13.541666666666666,12.549169,37.946298,-98.54199750000001,-10.898215,7.21380995,7.0,16.5,8.1790855,12.0156135,155.0,0.29001430765708003,-17.60430045,177.4589043,96,0.45353159851301117,0.3643122676579926,0.31226765799256506,0.4795539033457249,0.8736059479553904,0.6802973977695167,0.6394052044609665,0.862453531598513,0.6691449814126395,0.620817843866171,54.23,cell_key,113,58.36,False,MEDIUM,187.0,1077525.0,500.0,1.0
ECI:1064765.0,94,7,56.199739,4.052584,55.7520044787234,21.27659574468085,32.97872340425532,23.404255319148938,17.304332999999996,52.2602344,-96.02418,-10.3083245,12.700672,10.0,17.0,6.2709367,9.7255526,168.5,0.34972888230519483,-17.8070725,177.4240058,94,0.37174721189591076,0.724907063197026,0.7657992565055762,0.5539033457249071,0.44052044609665425,0.6449814126394052,0.483271375464684,0.49070631970260226,0.5539033457249071,0.5130111524163569,54.07,cell_key,114,57.99,False,MEDIUM,148.0,1064765.0,40790.0,41.0
ECI:3631422.0,80,3,45.908032,10.705370400000001,45.502968448749996,10.0,16.25,12.5,5.327991750000006,29.311850349999997,-106.653972,-11.796013,8.7779215,8.0,19.0,9.2322755,10.979396900000001,120.5,0.3475044845724451,-17.762461025,177.45782300000002,80,0.4721189591078067,0.44609665427509293,0.3587360594795539,0.2862453531598513,0.7397769516728625,0.4739776951672863,0.862453531598513,0.7509293680297398,0.8178438661710037,0.8921933085501859,54.06,cell_key,115,57.62,False,MEDIUM,212.0,3631422.0,41186.0,41.0
ECI:1079367.0,141,2,45.986847,5.048648,56.677202940920566,17.73049645390071,18.439716312056735,8.51063829787234,3.3667450000000017,27.676995000000005,-88.15991,-9.440217,11.470972,7.0,14.0,7.761733,11.488251,82.0,0.4264365573770492,-17.6805605,177.3950714,141,0.4646840148698885,0.6765799256505576,0.45353159851301117,0.21933085501858737,0.8736059479553904,0.8345724907063197,0.5836431226765799,0.5687732342007435,0.2527881040892193,0.21561338289962825,53.93,cell_key,117,56.88,False,MEDIUM,318.0,1079367.0,9310.0,28.0
ECI:1076789.0,841,12,16.519695,5.503024,21.06255954298454,27.2294887039239,30.79667063020214,16.76575505350773,25.109887500000003,36.2512715,-82.52194,-9.561127,19.56383,12.0,23.0,4.0609136,8.487085,52.0,0.32503635227272726,-17.6033563,177.4535736,841,0.8475836431226765,0.6617100371747212,0.7397769516728625,0.7026022304832714,0.18029739776951673,0.120817843866171,0.2899628252788104,0.08921933085501858,0.3048327137546468,0.11152416356877323,53.42,cell_key,118,56.51,False,HIGH,184.0,1076789.0,41384.0,41.0
ECI:1068350.0,51,3,39.10721,17.65436,40.12440035294117,1.9607843137254901,21.568627450980394,21.568627450980394,31.603297000000005,55.597955,-93.35096,-10.892676,10.591957,9.0,18.0,4.397394,7.704918,181.0,0.23001051351351354,-17.7486541,177.4551838,51,0.5427509293680297,0.30111524163568776,0.5315985130111525,0.8104089219330854,0.5892193308550185,0.5594795539033457,0.34944237918215615,0.6431226765799256,0.6617100371747212,0.39776951672862454,53.36,cell_key,119,56.13,False,MEDIUM,50.0,1068350.0,40790.0,41.0
ECI:1065015.0,255,4,21.318825,9.983673300000001,35.98449866666667,10.980392156862745,14.901960784313726,9.411764705882353,14.498823000000002,38.77392139999999,-104.26264,-9.064339,14.204764,9.0,18.0,4.816223,9.952811,86.0,0.2573978591549296,-17.8111927,177.4432648,255,0.7806691449814126,0.483271375464684,0.32342007434944237,0.516728624535316,0.5892193308550185,0.5594795539033457,0.38661710037174724,0.379182156133829,0.10408921933085502,0.8401486988847584,53.29,cell_key,120,55.76,False,HIGH,469.0,1065015.0,41384.0,41.0
ECI:1082133.0,70,4,42.876804,11.479264,45.43400545714285,10.0,20.0,17.142857142857142,30.795270499999994,68.8047187,-91.9883995,-10.72087,10.261089,10.0,22.0,8.722355,13.752089100000001,155.5,0.28582098568797487,-17.609776155,177.45147880000002,70,0.5092936802973977,0.4275092936802974,0.4944237918215613,0.8029739776951673,0.44052044609665425,0.19330855018587362,0.7881040892193308,0.654275092936803,0.6319702602230484,0.3308550185873606,53.27,cell_key,121,55.39,False,MEDIUM,140.0,1082133.0,500.0,1.0
ECI:1082172.0,97,6,36.5476,10.053649600000002,46.15358549484536,10.309278350515463,21.649484536082475,19.587628865979383,27.231674000000005,51.17614820000001,-89.93229,-11.041036,8.676924,10.0,17.0,2.8761063,6.135808040000001,165.0,0.2280668141025641,-17.6071039,177.4533082,97,0.5910780669144982,0.4684014869888476,0.5390334572490706,0.7509293680297398,0.44052044609665425,0.6449814126394052,0.08921933085501858,0.7620817843866171,0.6840148698884758,0.25650557620817843,53.19,cell_key,122,55.02,False,MEDIUM,139.0,1082172.0,40790.0,41.0
ECI:1076788.0,137,5,24.663912,4.741307200000001,26.890942904890508,22.62773722627737,32.11678832116788,23.357664233576642,15.802324250000005,36.6440566,-80.98713,-10.072369,15.542389,13.0,20.0,3.3457248,6.924838200000001,68.0,0.3846039090909091,-17.6055594,177.4524391,137,0.758364312267658,0.6914498141263941,0.758364312267658,0.5427509293680297,0.08364312267657993,0.36617100371747213,0.16728624535315986,0.26765799256505574,0.49070631970260226,0.07063197026022305,51.69,cell_key,125,53.9,False,HIGH,183.0,1076788.0,41186.0,41.0
ECI:1072183.0,126,3,47.406788500000005,0.24284,38.6523169484127,17.46031746031746,17.46031746031746,9.523809523809524,0.27648412499999964,32.728148250000004,-100.05505,-11.391776499999999,8.610596999999999,9.0,19.0,4.434761,6.85088065,189.5,0.2491353981007018,-17.7571166,177.45730559,126,0.4423791821561338,0.9442379182156134,0.41263940520446096,0.1449814126394052,0.5892193308550185,0.4739776951672863,0.35315985130111527,0.7695167286245354,0.7620817843866171,0.7063197026022305,51.5,cell_key,127,53.16,False,HIGH,448.0,1072183.0,41384.0,41.0
ECI:1076534.0,115,9,39.132545,9.3844736,42.73642421565217,13.043478260869565,16.52173913043478,10.434782608695652,12.53443,53.419336250000015,-101.31576,-10.012769,10.122105,9.0,14.0,3.5211267,7.462756580000002,162.0,0.2719960103626943,-17.61212453,177.4493066,115,0.5390334572490706,0.5204460966542751,0.3643122676579926,0.4758364312267658,0.5892193308550185,0.8345724907063197,0.21561338289962825,0.6654275092936803,0.44609665427509293,0.7472118959107806,51.21,cell_key,129,52.42,False,HIGH,182.0,1076534.0,41384.0,41.0
ECI:1077814.0,162,5,27.225948000000002,11.6312104,44.55077432407408,12.345679012345679,16.049382716049383,9.876543209876543,2.453000000000002,19.28306755000001,-103.19839999999999,-10.651212999999998,11.9489975,9.0,16.0,3.5001094999999998,8.73656,93.0,0.29266118384332923,-17.647108850000002,177.448586685,162,0.7360594795539034,0.4200743494423792,0.34944237918215615,0.1895910780669145,0.5892193308550185,0.7118959107806692,0.20074349442379183,0.5576208178438662,0.6059479553903345,0.8104089219330854,50.87,cell_key,131,51.67,False,HIGH,166.0,1077814.0,41384.0,41.0
ECI:1066036.0,99,4,35.34291,8.6675216,53.85278876767677,13.131313131313133,27.27272727272727,25.252525252525253,6.030528000000004,71.49323900000002,-97.93815,-9.411401,12.354442,10.0,21.0,6.8831167,11.542105800000002,112.0,0.335109375,-17.76543641,177.44346161,99,0.6133828996282528,0.5427509293680297,0.6728624535315985,0.30855018587360594,0.44052044609665425,0.26579925650557623,0.5353159851301115,0.5130111524163569,0.22676579925650558,0.5947955390334573,50.74,cell_key,133,50.93,False,MEDIUM,125.0,1066036.0,41186.0,41.0
ECI:1082165.0,207,10,45.59868,3.0356192,49.64066435637681,18.357487922705314,24.154589371980677,13.043478260869565,19.685380000000002,62.08683799999999,-89.9173,-10.362113,12.0117035,10.0,20.0,3.2089553,6.615478220000001,157.0,0.32776277456647396,-17.6049778,177.45136875,207,0.4795539033457249,0.7881040892193308,0.6022304832713755,0.5947955390334573,0.44052044609665425,0.36617100371747213,0.15985130111524162,0.5464684014869888,0.5687732342007435,0.2527881040892193,50.22,cell_key,135,50.19,False,HIGH,139.0,1082165.0,41384.0,41.0
ECI:1068566.0,53,3,36.944695,7.295033600000001,40.83003873584906,13.20754716981132,22.641509433962266,13.20754716981132,22.80417125,64.15470800000004,-85.13005,-9.365385,15.837231,11.0,21.0,8.297414,12.2458428,54.0,0.5434143113772455,-17.74485517,177.4390367,53,0.5836431226765799,0.5650557620817844,0.5836431226765799,0.6728624535315985,0.2955390334572491,0.26579925650557623,0.6691449814126395,0.2527881040892193,0.20817843866171004,0.15613382899628253,50.12,cell_key,136,49.81,False,MEDIUM,120.0,1068566.0,500.0,1.0
ECI:1077780.0,231,6,49.170128,9.806896,49.915708245887444,10.38961038961039,21.645021645021643,17.74891774891775,73.84803,146.216856,-83.70855,-9.856854,14.555555,10.0,22.0,8.456376,12.27652,117.0,0.42113859649122803,-17.6299921,177.4550123,231,0.41263940520446096,0.49814126394052044,0.5353159851301115,0.9888475836431226,0.44052044609665425,0.19330855018587362,0.7137546468401487,0.3308550185873606,0.3940520446096654,0.137546468401487,50.07,cell_key,137,49.44,False,HIGH,165.0,1077780.0,500.0,1.0
ECI:1065527.0,82,3,32.8039245,3.296601599999999,28.98561046341463,21.951219512195124,26.82926829268293,13.414634146341465,12.094178999999997,37.571745100000015,-101.40881,-9.4384495,16.229699500000002,11.0,20.0,3.28048205,6.83482355,86.5,0.30797318440736476,-17.783762430000003,177.418290155,82,0.6394052044609665,0.7732342007434945,0.6672862453531598,0.46096654275092935,0.2955390334572491,0.36617100371747213,0.16356877323420074,0.2379182156133829,0.24535315985130113,0.7509293680297398,49.98,cell_key,138,49.07,False,MEDIUM,133.0,1065527.0,41384.0,41.0
ECI:1066816.0,166,5,52.176089000000005,1.410648,60.57886245180723,21.084337349397593,27.710843373493976,21.084337349397593,9.612330250000001,43.366742,-98.84903,-9.2775895,14.7123095,11.0,19.5,6.718913049999999,13.822,167.5,0.3457389797251633,-17.774741055,177.37510301999998,166,0.38661710037174724,0.8587360594795539,0.6802973977695167,0.41263940520446096,0.2955390334572491,0.4275092936802974,0.5204460966542751,0.3159851301115242,0.17100371747211895,0.6431226765799256,48.39,cell_key,141,47.96,False,HIGH,158.0,1066816.0,40988.0,41.0
ECI:1066038.0,130,4,45.9693455,0.7377104000000001,44.289803757692304,19.230769230769234,24.615384615384617,19.230769230769234,44.311197250000006,105.5272812,-95.723265,-9.03863875,16.360518,13.0,25.0,4.4536378,10.095438700000004,93.0,0.4853687726348854,-17.7694953,177.4391596,130,0.4684014869888476,0.8921933085501859,0.6282527881040892,0.9070631970260223,0.08364312267657993,0.040892193308550186,0.35687732342007433,0.23048327137546468,0.09293680297397769,0.48698884758364314,47.12,cell_key,143,47.21,False,HIGH,123.0,1066038.0,41384.0,41.0
ECI:1079614.0,99,3,45.268192,28.552848,43.138044212121216,2.0202020202020203,7.07070707070707,7.07070707070707,13.886273000000003,32.7814708,-99.708725,-12.910119,5.1385427,10.0,15.0,5.686434,8.069980000000001,184.0,0.24939246739130433,-17.62785889,177.43280281,99,0.483271375464684,0.17472118959107807,0.1524163568773234,0.5018587360594795,0.44052044609665425,0.775092936802974,0.45353159851301117,0.9368029739776952,0.9219330855018587,0.6914498141263941,47.01,cell_key,144,46.84,False,MEDIUM,346.0,1079614.0,40790.0,41.0
ECI:1081376.0,244,3,25.2199715,6.4799704,35.99740623483606,18.0327868852459,21.721311475409834,13.934426229508196,74.58032625000001,123.44306080000001,-82.086925,-8.942416999999999,23.89133,14.0,26.0,3.58058385,13.283330700000008,68.0,0.40789789052287584,-17.6737286,177.4085893,244,0.7546468401486989,0.6245353159851301,0.5464684014869888,0.9925650557620818,0.024163568773234202,0.01858736059479554,0.23048327137546468,0.022304832713754646,0.055762081784386616,0.08921933085501858,46.62,cell_key,145,46.47,False,HIGH,455.0,1081376.0,1850.0,3.0
ECI:1064509.0,147,3,38.035015,16.958364800000002,39.65181114897959,9.523809523809524,15.646258503401361,14.285714285714285,-7.755955000000004,21.782181000000012,-105.58832,-11.296711,7.2703285,10.0,16.0,4.3383946,7.424445400000001,96.0,0.3329517023809524,-17.8159711,177.3955937,147,0.5613382899628253,0.3159851301115242,0.3420074349442379,0.05947955390334572,0.44052044609665425,0.7118959107806692,0.3382899628252788,0.8587360594795539,0.7323420074349443,0.8661710037174721,46.16,cell_key,147,45.72,False,HIGH,288.0,1064509.0,40790.0,41.0
ECI:3625798.0,154,2,102.90535,16.5733911,100.22313666883117,7.792207792207792,21.428571428571427,21.428571428571427,30.324760000000012,120.48609890000002,-72.954932,-13.441919500000001,16.378089,10.0,16.0,13.764032,15.188148000000002,159.0,0.6394712105859783,-17.75350976,177.45360053500002,154,0.08178438661710037,0.32342007434944237,0.5241635687732342,0.7881040892193308,0.44052044609665425,0.7118959107806692,1.0,0.22676579925650558,0.9516728624535316,0.01486988847583643,45.92,cell_key,148,45.35,False,MEDIUM,115.0,3625798.0,9310.0,28.0
ECI:3642943.0,203,5,82.23693,4.942972800000001,87.30068654433006,13.793103448275861,24.137931034482758,22.660098522167488,-1.0386814999999956,88.92433000000004,-84.326706,-12.237257,15.278823,8.0,19.0,8.636364,11.5472908,166.0,0.6145088732394366,-17.6309141,177.4424805,203,0.17100371747211895,0.6840148698884758,0.5985130111524164,0.11524163568773234,0.7397769516728625,0.4739776951672863,0.7657992565055762,0.2862453531598513,0.8661710037174721,0.14869888475836432,45.74,cell_key,149,44.98,False,HIGH,313.0,3642943.0,41384.0,41.0
ECI:1068746.0,64,4,80.53280000000001,10.3544624,82.481439778125,9.375,12.5,10.9375,4.7251069999999995,62.651840000000014,-85.724411,-10.689537999999999,11.4700425,8.0,16.0,9.6758415,13.9009567,148.5,0.5283129620647565,-17.74685624,177.44105252,64,0.17843866171003717,0.45353159851301117,0.26765799256505574,0.26394052044609667,0.7397769516728625,0.7118959107806692,0.9070631970260223,0.5724907063197026,0.620817843866171,0.15985130111524162,44.42,cell_key,154,43.12,False,MEDIUM,402.0,1068746.0,500.0,1.0
ECI:1080637.0,88,3,57.4958035,7.5032944000000015,60.783390125000004,11.363636363636363,19.318181818181817,14.772727272727273,20.262852999999996,56.76705699999997,-101.29715,-8.9823105,17.212984,8.0,20.0,3.8077775000000003,6.413807199999999,156.5,0.40634570651713925,-17.63245366,177.47862138,88,0.3680297397769517,0.5613382899628253,0.4758364312267658,0.6059479553903345,0.7397769516728625,0.36617100371747213,0.24907063197026022,0.19330855018587362,0.06691449814126393,0.7434944237918215,43.91,cell_key,155,42.75,False,MEDIUM,352.0,1080637.0,40790.0,41.0
ECI:1076790.0,114,8,29.333312,10.196296,36.347823118421054,13.157894736842104,21.929824561403507,15.789473684210526,1.2325261250000015,25.485170075000006,-83.33680749999999,-10.095394500000001,15.316235,11.0,18.0,2.0429295,5.321086380000001,92.0,0.3349704960981048,-17.6039724,177.45114230000001,114,0.7174721189591078,0.45724907063197023,0.5539033457249071,0.16728624535315986,0.2955390334572491,0.5594795539033457,0.01858736059479554,0.2788104089219331,0.5018587360594795,0.12267657992565056,43.84,cell_key,156,42.38,False,HIGH,185.0,1076790.0,41384.0,41.0
ECI:1076791.0,644,13,29.3560275,9.3667928,31.511887829347824,12.267080745341614,21.27329192546584,18.32298136645963,7.3234188750000015,27.146459925000006,-80.708012,-10.146897500000001,15.862029,13.0,20.5,3.4297895,6.641479700000002,72.0,0.4132881790123457,-17.60462416,177.4530047,644,0.7137546468401487,0.5241635687732342,0.5204460966542751,0.35315985130111527,0.08364312267657993,0.30297397769516726,0.1895910780669145,0.24907063197026022,0.516728624535316,0.06319702602230483,43.28,cell_key,157,42.01,False,HIGH,183.0,1076791.0,41384.0,41.0
ECI:1066016.0,53,4,66.922806,8.2477088,60.362091245283025,15.09433962264151,16.9811320754717,7.547169811320755,46.468149999999994,72.16024200000001,-83.61776,-9.671053,15.7931795,10.0,20.0,5.7471266,13.281784400000001,102.0,0.5750094907407407,-17.7600399,177.44384312,53,0.2825278810408922,0.5539033457249071,0.38847583643122674,0.9330855018587361,0.44052044609665425,0.36617100371747213,0.46096654275092935,0.25650557620817843,0.3420074349442379,0.13382899628252787,43.21,cell_key,158,41.64,False,MEDIUM,125.0,1066016.0,1850.0,3.0
ECI:1081632.0,83,3,64.35147,26.8575822,67.70497987951806,2.4096385542168677,18.072289156626507,18.072289156626507,40.326341,77.4058464,-79.69758,-9.402261,12.311234,10.0,20.0,8.342542,11.6841482,161.0,0.4006710650887574,-17.6364649,177.4274327,83,0.3048327137546468,0.20446096654275092,0.4423791821561338,0.8884758364312267,0.44052044609665425,0.36617100371747213,0.6765799256505576,0.5204460966542751,0.22304832713754646,0.048327137546468404,42.92,cell_key,159,41.26,False,MEDIUM,356.0,1081632.0,1850.0,3.0
ECI:1069374.0,126,4,39.164615999999995,7.9760279999999995,44.597582039682536,11.904761904761903,20.634920634920633,19.047619047619047,34.760898,80.43568825,-95.975917,-9.343819499999999,15.872188000000001,13.0,21.5,3.3959646,7.6586402499999995,126.5,0.35584032969924806,-17.7792587,177.41187842,126,0.5353159851301115,0.5576208178438662,0.5018587360594795,0.8401486988847584,0.08364312267657993,0.23234200743494424,0.17843866171003717,0.24535315985130113,0.1970260223048327,0.5018587360594795,42.74,cell_key,163,39.78,False,HIGH,137.0,1069374.0,40790.0,41.0
ECI:1068343.0,96,5,49.157779500000004,16.927903,48.356797156249996,8.333333333333332,16.666666666666664,13.541666666666666,30.231325000000005,59.134795375,-93.082683,-9.885873,14.312646999999998,9.0,22.0,4.5342388,8.0330987,180.5,0.26770274517497966,-17.747743995,177.455970455,96,0.4163568773234201,0.31970260223048325,0.3736059479553903,0.7843866171003717,0.5892193308550185,0.19330855018587362,0.3680297397769517,0.36059479553903345,0.4052044609665427,0.3828996282527881,42.62,cell_key,165,39.03,False,MEDIUM,50.0,1068343.0,41384.0,41.0
ECI:1066034.0,447,5,59.69772,4.6717152,60.57526354959732,13.422818791946309,22.14765100671141,21.92393736017897,30.6477,78.97741970000003,-88.95391,-9.363933,16.458426,11.0,24.0,5.0353355,9.254587200000007,118.0,0.5700271521739131,-17.7665226,177.44771125,447,0.34944237918215615,0.6988847583643123,0.5650557620817844,0.79182156133829,0.2955390334572491,0.06691449814126393,0.40892193308550184,0.21933085501858737,0.20074349442379183,0.241635687732342,42.57,cell_key,166,38.66,False,HIGH,124.0,1066034.0,41186.0,41.0
ECI:1068064.0,65,3,52.511127,20.613411199999998,52.269495030769235,4.615384615384616,10.76923076923077,9.230769230769232,-14.301951000000003,14.005505000000007,-94.56456,-10.184245,10.012659,8.0,17.0,8.385093,10.911918799999999,94.0,0.5442817647058824,-17.8013225,177.4161326,65,0.379182156133829,0.25650557620817843,0.241635687732342,0.03717472118959108,0.7397769516728625,0.6449814126394052,0.6951672862453532,0.6691449814126395,0.5241635687732342,0.42379182156133827,42.54,cell_key,167,38.29,False,MEDIUM,143.0,1068064.0,1850.0,3.0
ECI:1071667.0,72,3,34.477287000000004,10.1394248,34.79641484722222,11.11111111111111,20.833333333333336,20.833333333333336,9.50639675,35.925569249999995,-86.09582,-9.6763335,17.495583500000002,10.0,22.0,3.169714,7.1907563,70.5,0.523000203758446,-17.805752505,177.42803874999998,72,0.6245353159851301,0.46096654275092935,0.5055762081784386,0.4052044609665427,0.44052044609665425,0.19330855018587362,0.1524163568773234,0.1821561338289963,0.34944237918215615,0.16728624535315986,42.07,cell_key,168,37.92,False,MEDIUM,395.0,1071667.0,41186.0,41.0
ECI:1079617.0,113,2,38.176945,26.4046944,37.12146119469027,0.8849557522123894,1.7699115044247788,1.7699115044247788,5.510724999999994,16.856160599999995,-97.0775,-12.387887,4.7366657,11.0,19.0,6.5081353,8.4229042,173.0,0.22119727127659575,-17.6276749,177.4328339,113,0.5576208178438662,0.21189591078066913,0.022304832713754646,0.2899628252788104,0.2955390334572491,0.4739776951672863,0.5092936802973977,0.9628252788104089,0.8847583643122676,0.5464684014869888,41.92,cell_key,170,37.17,False,MEDIUM,346.0,1079617.0,40988.0,41.0
ECI:1071677.0,99,2,35.6276,15.264656,34.73173965656566,10.1010101010101,15.151515151515152,12.121212121212121,36.00285600000001,56.9663682,-87.623085,-10.03125,19.802273,11.0,21.0,3.3619456,6.898104979999999,72.0,0.48643385882352935,-17.80619877,177.4270451,99,0.6059479553903345,0.36059479553903345,0.33271375464684017,0.8550185873605948,0.2955390334572491,0.26579925650557623,0.17100371747211895,0.07806691449814127,0.45724907063197023,0.20446096654275092,41.85,cell_key,171,36.8,False,MEDIUM,395.0,1071677.0,40790.0,41.0
ECI:1070898.0,80,3,62.88378900000001,13.303981600000002,72.84322482500001,10.0,16.25,16.25,-3.7788376250000013,62.44542140000003,-98.155655,-12.287100500000001,13.431761999999999,9.0,20.0,8.243347499999999,10.758597700000001,152.0,0.4680231033966034,-17.763432199999997,177.45973515,80,0.31970260223048325,0.39776951672862454,0.3587360594795539,0.08921933085501858,0.5892193308550185,0.36617100371747213,0.6617100371747212,0.4312267657992565,0.8736059479553904,0.6059479553903345,41.05,cell_key,173,36.06,False,MEDIUM,212.0,1070898.0,41186.0,41.0
ECI:1067070.0,83,2,69.05315,45.2485136,66.82274736144578,1.2048192771084338,6.024096385542169,6.024096385542169,-3.8436629999999923,15.486738599999997,-98.89875,-11.5,8.337236,8.0,17.0,9.259259,12.238246,188.0,0.3774116571428571,-17.77648265,177.43288595,83,0.26022304832713755,0.08550185873605948,0.11895910780669144,0.08550185873605948,0.7397769516728625,0.6449814126394052,0.8680297397769516,0.7992565055762082,0.7806691449814126,0.6468401486988847,40.38,cell_key,175,35.32,False,MEDIUM,129.0,1067070.0,40790.0,41.0
ECI:1073174.0,63,2,88.953186,10.0138048,83.86676131746032,11.11111111111111,22.22222222222222,22.22222222222222,18.625519999999995,112.42709640000001,-100.41712,-9.052526,13.823333,11.0,20.0,8.683151,12.977164400000001,144.0,0.5585637676056339,-17.79030335,177.44033869,63,0.1449814126394052,0.4758364312267658,0.5687732342007435,0.5799256505576208,0.2955390334572491,0.36617100371747213,0.7732342007434945,0.39776951672862454,0.09665427509293681,0.7211895910780669,40.36,cell_key,176,34.94,False,MEDIUM,431.0,1073174.0,500.0,1.0
ECI:1066035.0,112,3,42.334196500000004,9.616308,43.48454512482142,11.607142857142858,16.071428571428573,15.178571428571427,21.401135249999996,81.14839020000001,-88.034363,-9.16669075,21.4949045,10.0,26.0,5.730366699999999,11.1982224,74.0,0.5919173077892967,-17.76749638,177.443866395,112,0.5130111524163569,0.5130111524163569,0.35315985130111527,0.6319702602230484,0.44052044609665425,0.01858736059479554,0.45724907063197023,0.03717472118959108,0.13011152416356878,0.20817843866171004,40.18,cell_key,177,34.57,False,HIGH,123.0,1066035.0,41186.0,41.0
ECI:3638839.0,144,3,66.0779455,21.5048565,69.99942650623612,4.861111111111112,9.722222222222223,7.638888888888889,0.9683922499999991,43.50576920140001,-93.180565,-12.62167225,13.2056735,7.0,20.0,7.493250700000001,10.356613400000006,133.5,0.5921497938162237,-17.62468451,177.45967166,144,0.30111524163568776,0.2527881040892193,0.20817843866171004,0.16356877323420074,0.8736059479553904,0.36617100371747213,0.5650557620817844,0.44981412639405205,0.9107806691449815,0.3940520446096654,39.35,cell_key,179,33.83,False,HIGH,255.0,3638839.0,40988.0,41.0
ECI:1082166.0,165,8,58.113552,14.920224000000003,58.27142486363636,3.0303030303030303,17.575757575757574,16.969696969696972,25.81016000000001,57.3495902,-97.516624,-9.434245,17.114775,9.0,20.0,2.8449502,6.2799140399999995,174.0,0.332591871657754,-17.61089863,177.45114379,165,0.35687732342007433,0.3680297397769517,0.4200743494423792,0.7211895910780669,0.5892193308550185,0.36617100371747213,0.08550185873605948,0.1970260223048327,0.241635687732342,0.5687732342007435,38.97,cell_key,182,32.71,False,HIGH,140.0,1082166.0,41384.0,41.0
ECI:3624137.0,91,3,128.93208,59.389065,124.42354969230769,5.4945054945054945,8.791208791208792,6.593406593406594,13.4606,68.62958499999998,-109.01432,-14.883064,9.708695,10.0,16.0,10.756501,11.855928,209.0,0.6239766063348416,-17.77943467,177.38032032,91,0.040892193308550186,0.048327137546468404,0.1970260223048327,0.4944237918215613,0.44052044609665425,0.7118959107806692,0.966542750929368,0.6877323420074349,0.9814126394052045,0.9516728624535316,38.83,cell_key,183,32.34,False,MEDIUM,153.0,3624137.0,356.0,1.0
ECI:1067839.0,68,2,69.738415,0.35740720000000004,64.11997452941176,20.588235294117645,27.941176470588236,27.941176470588236,23.51131125,110.54368205,-88.33870999999999,-9.443092,19.526271,13.0,23.0,2.9337315,6.28582801,145.5,0.4947033872570452,-17.774933609999998,177.45554154500002,68,0.2527881040892193,0.929368029739777,0.6877323420074349,0.6840148698884758,0.08364312267657993,0.120817843866171,0.10037174721189591,0.09293680297397769,0.26022304832713755,0.21933085501858737,38.1,cell_key,184,31.97,False,MEDIUM,128.0,1067839.0,40988.0,41.0
ECI:1067325.0,76,2,46.418072,18.9660405,48.01547311842105,3.9473684210526314,7.894736842105263,7.894736842105263,0.2279075000000006,33.40933,-102.951118,-9.543883000000001,13.163066,10.0,20.0,8.130729,12.11467175,91.0,0.4810908139568765,-17.763111199999997,177.4860165,76,0.46096654275092935,0.2862453531598513,0.17472118959107807,0.1412639405204461,0.44052044609665425,0.36617100371747213,0.6319702602230484,0.45353159851301117,0.2936802973977695,0.7992565055762082,37.79,cell_key,185,31.6,False,MEDIUM,108.0,1067325.0,40790.0,41.0
ECI:1081375.0,195,3,70.926834,17.768294400000002,76.31489523588718,10.256410256410255,14.358974358974358,11.282051282051283,11.60933,57.01559599999998,-88.90658,-9.240789,12.219999,9.0,20.0,7.9166665,12.312268,172.0,0.4085464397905759,-17.6771979,177.4072498,195,0.24535315985130113,0.29739776951672864,0.3048327137546468,0.45353159851301117,0.5892193308550185,0.36617100371747213,0.6059479553903345,0.5278810408921933,0.14869888475836432,0.2379182156133829,37.32,cell_key,187,30.86,False,HIGH,454.0,1081375.0,1850.0,3.0
ECI:1070391.0,133,2,44.50143,14.2634028,54.61682565413533,9.774436090225564,14.285714285714285,11.278195488721805,10.314769999999996,47.918180799999995,-100.53125,-8.9375,14.548385,11.0,20.0,3.4663866,8.696679,147.0,0.32570253086419754,-17.8076792,177.4515937,133,0.4944237918215613,0.38661710037174724,0.29739776951672864,0.4275092936802974,0.2955390334572491,0.36617100371747213,0.19330855018587362,0.3345724907063197,0.05204460966542751,0.724907063197026,36.62,cell_key,189,30.11,False,MEDIUM,470.0,1070391.0,41384.0,41.0
ECI:3631412.0,145,3,84.46778,28.0347388,82.88564791724139,1.3793103448275863,7.586206896551724,7.586206896551724,0.1432165000000083,28.052735999999992,-98.40625,-13.090965,11.894317,7.0,19.0,7.9295154,10.2659276,140.0,0.6436511538461539,-17.7603998,177.4589108,145,0.15985130111524162,0.17843866171003717,0.16728624535315986,0.13011152416356878,0.8736059479553904,0.4739776951672863,0.6096654275092936,0.5613382899628253,0.9405204460966543,0.6171003717472119,36.6,cell_key,191,29.37,False,HIGH,212.0,3631412.0,40790.0,41.0
ECI:1076246.0,125,3,72.942566,21.8899136,73.59485203999999,1.6,16.0,14.399999999999999,47.53460999999999,106.48845000000004,-86.19571,-9.501302,14.332982,12.0,22.0,8.34446,11.941598600000004,149.0,0.49680685714285716,-17.60654081,177.47232771,125,0.23048327137546468,0.24907063197026022,0.34572490706319703,0.9368029739776952,0.18029739776951673,0.19330855018587362,0.6802973977695167,0.35315985130111527,0.2862453531598513,0.17472118959107807,36.38,cell_key,192,29.0,False,HIGH,179.0,1076246.0,500.0,1.0
ECI:1067841.0,96,2,61.167970499999996,4.794172,60.03941420833333,13.541666666666666,21.875,21.875,26.303816999999995,81.27890400000001,-94.58311,-9.071745499999999,19.298361,13.0,22.0,2.8119425,6.6428144,150.5,0.41658490977742446,-17.783088114999998,177.44833972,96,0.3382899628252788,0.6877323420074349,0.550185873605948,0.7360594795539034,0.08364312267657993,0.19330855018587362,0.07434944237918216,0.11524163568773234,0.10780669144981413,0.4275092936802974,36.33,cell_key,193,28.62,False,MEDIUM,127.0,1067841.0,40988.0,41.0
ECI:1081663.0,80,3,69.10698500000001,16.0722904,64.30201761250001,3.75,10.0,10.0,8.223874750000006,42.48613172500004,-92.7445,-9.50012825,12.8693265,8.0,18.0,3.5262234,7.0776081000000035,174.5,0.41050050714285713,-17.6281385,177.4344976,80,0.25650557620817843,0.3308550185873606,0.22304832713754646,0.3680297397769517,0.7397769516728625,0.5594795539033457,0.21933085501858737,0.4758364312267658,0.2825278810408922,0.37174721189591076,35.76,cell_key,194,28.25,False,MEDIUM,354.0,1081663.0,40988.0,41.0
ECI:1068850.0,95,3,46.905273,22.49875,52.64134344210526,6.315789473684211,16.842105263157894,15.789473684210526,33.692882,64.90973400000004,-92.285904,-8.990099,17.498909,12.0,20.0,3.008596,6.171431740000003,151.0,0.31476507647058827,-17.7671288,177.476221,95,0.44981412639405205,0.241635687732342,0.3828996282527881,0.8327137546468402,0.18029739776951673,0.36617100371747213,0.12639405204460966,0.17843866171003717,0.07806691449814127,0.34572490706319703,35.52,cell_key,196,27.51,False,MEDIUM,111.0,1068850.0,41186.0,41.0
ECI:1073216.0,129,2,51.561127,19.0817464,57.36030343410853,3.10077519379845,10.077519379844961,10.077519379844961,18.447409,53.5794236,-94.60658,-9.610795,13.047128,11.0,21.0,4.3103447,7.711785800000001,182.0,0.3340045408163265,-17.7967999,177.447986,129,0.3903345724907063,0.2825278810408922,0.23048327137546468,0.5724907063197026,0.2955390334572491,0.26579925650557623,0.32342007434944237,0.4646840148698885,0.31970260223048325,0.4312267657992565,35.12,cell_key,198,26.77,False,MEDIUM,430.0,1073216.0,40988.0,41.0
ECI:1072190.0,66,3,47.375355,19.491011999999998,49.72453465151515,4.545454545454546,13.636363636363635,13.636363636363635,51.36336875000001,74.05822599999999,-93.0940925,-8.905999,19.114295,12.5,22.0,3.87254905,7.9268877,167.0,0.28847102624365073,-17.755821695,177.463358765,66,0.44609665427509293,0.2788104089219331,0.2862453531598513,0.9516728624535316,0.13011152416356878,0.19330855018587362,0.26765799256505574,0.13011152416356878,0.040892193308550186,0.38661710037174724,34.98,cell_key,199,26.39,False,MEDIUM,448.0,1072190.0,40790.0,41.0
ECI:1067316.0,105,4,37.225674,22.0546832,40.51093422857143,5.714285714285714,7.6190476190476195,4.761904761904762,3.0085200000000043,18.148583000000002,-101.06505,-10.038195,13.776401,10.0,22.0,2.9255319,6.70532736,94.0,0.40267842857142855,-17.7622446,177.4716238,105,0.5762081784386617,0.24535315985130113,0.17100371747211895,0.21189591078066913,0.44052044609665425,0.19330855018587362,0.09665427509293681,0.40148698884758366,0.4684014869888476,0.7360594795539034,34.36,cell_key,200,26.02,False,HIGH,110.0,1067316.0,41186.0,41.0
ECI:1065025.0,92,2,52.2728685,30.783296,55.46497970652174,0.0,5.434782608695652,5.434782608695652,30.164288125,59.01720782500001,-87.399997,-9.334433,14.664113,11.0,19.0,4.82191945,7.2140119,155.0,0.34762556002834866,-17.8138588,177.4480774,92,0.3828996282527881,0.15985130111524162,0.09665427509293681,0.7806691449814126,0.2955390334572491,0.4739776951672863,0.3903345724907063,0.31970260223048325,0.19330855018587362,0.20074349442379183,34.3,cell_key,201,25.65,False,MEDIUM,469.0,1065025.0,40988.0,41.0
ECI:1078583.0,199,5,63.541016,17.6472304,61.458792281407035,6.532663316582915,19.09547738693467,19.09547738693467,24.886023,77.24637060000006,-95.48455,-9.136303,16.955555,11.0,21.0,3.3947623,6.7483738,161.0,0.38839391304347826,-17.6482358,177.443396,199,0.3159851301115242,0.3048327137546468,0.4684014869888476,0.6988847583643123,0.2955390334572491,0.26579925650557623,0.17472118959107807,0.20446096654275092,0.12267657992565056,0.4758364312267658,34.13,cell_key,202,25.28,False,HIGH,163.0,1078583.0,41384.0,41.0
ECI:3638838.0,174,3,83.59158500000001,19.7795489,80.33134793102873,5.747126436781609,17.24137931034483,17.24137931034483,0.002107500000001039,72.23323630000002,-90.0096,-11.815679249999999,15.0086555,10.0,21.0,8.707787249999999,11.2861697,133.0,0.6370101024844721,-17.627842805,177.46541095499998,174,0.16728624535315986,0.26765799256505574,0.40148698884758366,0.12267657992565056,0.44052044609665425,0.26579925650557623,0.7843866171003717,0.30111524163568776,0.828996282527881,0.26022304832713755,33.86,cell_key,203,24.91,False,HIGH,254.0,3638838.0,40988.0,41.0
ECI:1068575.0,180,3,80.42389750000001,20.5963953,85.80281092777777,7.222222222222221,17.22222222222222,17.22222222222222,28.801627499999995,102.9820408,-78.0923,-8.971549249999999,19.345208999999997,11.0,25.0,9.550633,13.725152699999999,119.0,0.7465771708765473,-17.74676246,177.4443079,180,0.1821561338289963,0.26022304832713755,0.39776951672862454,0.7657992565055762,0.2955390334572491,0.040892193308550186,0.8996282527881041,0.10780669144981413,0.05947955390334572,0.03345724907063197,33.74,cell_key,204,24.54,False,HIGH,122.0,1068575.0,1850.0,3.0
ECI:1067570.0,414,5,62.859708499999996,10.046162400000004,63.05836313743962,10.628019323671497,21.497584541062803,21.256038647342994,14.559908000000002,65.43180585,-101.54082,-9.419984,18.125230000000002,13.0,23.0,3.7953049500000002,8.60300375,133.0,0.5231750399086171,-17.81160131,177.3998509,414,0.32342007434944237,0.4721189591078067,0.5278810408921933,0.5204460966542751,0.08364312267657993,0.120817843866171,0.24535315985130113,0.15613382899628253,0.2342007434944238,0.7620817843866171,33.47,cell_key,205,24.16,False,HIGH,151.0,1067570.0,41186.0,41.0
ECI:1078590.0,159,4,77.40887,0.8780784000000001,77.25069554025094,15.723270440251572,24.528301886792452,21.38364779874214,22.03766999999999,109.83743000000011,-82.78958,-9.064145,19.780598,13.0,24.0,2.5851197,6.097259200000002,175.0,0.48885976439790574,-17.64891189,177.4440305,159,0.20446096654275092,0.8884758364312267,0.6171003717472119,0.6579925650557621,0.08364312267657993,0.06691449814126393,0.04460966542750929,0.08178438661710037,0.10037174721189591,0.11524163568773234,33.32,cell_key,207,23.42,False,HIGH,163.0,1078590.0,40790.0,41.0
ECI:3640373.0,138,3,89.82757000000001,36.4529786,86.95684775579711,2.898550724637681,6.521739130434782,5.797101449275362,-16.937664500000007,43.483651474999995,-82.277885,-13.391664500000001,9.5896255,8.0,21.0,8.882714499999999,10.7077442,165.0,0.5690603369565217,-17.629662564999997,177.459238695,138,0.137546468401487,0.1449814126394052,0.14312267657992564,0.022304832713754646,0.7397769516728625,0.26579925650557623,0.8252788104089219,0.6951672862453532,0.9479553903345725,0.10037174721189591,33.2,cell_key,208,23.05,False,HIGH,273.0,3640373.0,40988.0,41.0
ECI:3625779.0,99,4,67.261925,36.1662824,68.99818363636363,2.0202020202020203,5.05050505050505,5.05050505050505,-10.226664,15.403693000000013,-99.31368,-19.242334,5.6619563,5.0,21.0,0.390625,7.7557278,177.0,0.38730093922651937,-17.7595275,177.4534968,99,0.275092936802974,0.14869888475836432,0.07992565055762081,0.05204460966542751,0.9944237918215614,0.26579925650557623,0.007434944237918215,0.9144981412639405,1.0,0.6654275092936803,33.18,cell_key,209,22.68,False,MEDIUM,116.0,3625779.0,40790.0,41.0
ECI:1073462.0,86,2,38.992827,16.2573675,38.36579350348837,4.651162790697675,10.465116279069768,10.465116279069768,5.179281999999997,31.016281099999997,-101.29004,-8.368941,19.3369045,10.0,22.0,2.93868085,6.62226985,95.0,0.40341871524688006,-17.778369595,177.48105730499998,86,0.550185873605948,0.3271375464684015,0.2379182156133829,0.2825278810408922,0.44052044609665425,0.19330855018587362,0.10408921933085502,0.11152416356877323,0.007434944237918215,0.7397769516728625,32.77,cell_key,210,22.3,False,MEDIUM,81.0,1073462.0,41384.0,41.0
ECI:1072439.0,109,3,73.43268,5.318612800000001,80.55464793568807,13.761467889908257,26.605504587155966,26.605504587155966,27.762255,76.39974620000001,-91.31196,-8.775767,24.478159,12.0,26.0,1.3977128,5.780364400000002,172.0,0.45111206993006997,-17.76964545,177.42693249,109,0.22676579925650558,0.6691449814126395,0.654275092936803,0.7546468401486989,0.18029739776951673,0.01858736059479554,0.011152416356877323,0.011152416356877323,0.02973977695167286,0.3048327137546468,32.61,cell_key,212,21.56,False,HIGH,394.0,1072439.0,41384.0,41.0
ECI:3624007.0,79,2,150.92192,58.39798040000001,148.89904527848103,0.0,5.063291139240507,5.063291139240507,2.407043999999999,76.51584420000002,-100.20592,-14.511184,8.515218,10.0,19.0,11.032028,12.3580582,255.0,0.6043841104972376,-17.7790635,177.3803157,79,0.01486988847583643,0.05204460966542751,0.08550185873605948,0.18587360594795538,0.44052044609665425,0.4739776951672863,0.9702602230483272,0.7806691449814126,0.9739776951672863,0.7100371747211895,31.87,cell_key,214,20.82,False,MEDIUM,153.0,3624007.0,9310.0,28.0
ECI:3635971.0,99,2,96.08495,48.270048,97.48135451515152,1.0101010101010102,5.05050505050505,5.05050505050505,39.603155,117.8423131,-84.1219,-13.921569,16.98315,12.0,22.0,10.594316,12.2617904,124.0,0.8236442957746479,-17.6142506,177.45648013,99,0.11895910780669144,0.07806691449814127,0.07992565055762081,0.8810408921933085,0.18029739776951673,0.19330855018587362,0.9368029739776952,0.20074349442379183,0.9591078066914498,0.1449814126394052,31.81,cell_key,215,20.45,False,MEDIUM,233.0,3635971.0,1850.0,3.0
ECI:1065269.0,393,5,55.900192,15.375281600000003,61.90772525063613,7.124681933842239,11.704834605597965,10.432569974554708,7.173424000000001,40.28650600000001,-103.03218,-9.712239,14.478165,13.0,19.0,3.1293464,6.4908057,151.0,0.3897398230088495,-17.80405773,177.41497116,393,0.3754646840148699,0.35687732342007433,0.25650557620817843,0.3420074349442379,0.08364312267657993,0.4739776951672863,0.1449814126394052,0.3420074349442379,0.3643122676579926,0.8066914498141264,31.62,cell_key,216,20.07,False,HIGH,144.0,1065269.0,41384.0,41.0
ECI:1069373.0,140,2,94.65615500000001,3.3230296000000004,89.8449456142857,14.285714285714285,29.28571428571429,29.28571428571429,21.309363749999996,115.70601290000002,-91.364275,-8.7956955,24.842821,14.0,25.5,2.29735435,6.149523340000004,162.0,0.6063064283574264,-17.772405,177.4066187,140,0.12267657992565056,0.7695167286245354,0.7174721189591078,0.6282527881040892,0.024163568773234202,0.03345724907063197,0.02973977695167286,0.007434944237918215,0.03345724907063197,0.3159851301115242,29.53,cell_key,221,18.22,False,MEDIUM,135.0,1069373.0,40790.0,41.0
ECI:1077535.0,90,2,75.234905,39.9493155,78.23518083333333,0.0,2.2222222222222223,2.2222222222222223,10.947388999999998,39.72537250000011,-88.8329225,-9.4410475,12.572221249999998,9.0,23.0,7.8888898,11.2803563,156.5,0.5315279169508222,-17.60323218,177.458585,90,0.21561338289962825,0.12639405204460966,0.031598513011152414,0.43866171003717475,0.5892193308550185,0.120817843866171,0.5947955390334573,0.49814126394052044,0.25650557620817843,0.2342007434944238,28.99,cell_key,222,17.84,False,MEDIUM,187.0,1077535.0,1850.0,3.0
ECI:1068851.0,81,2,63.870216,17.5834,70.88876144444444,6.172839506172839,9.876543209876543,6.172839506172839,7.040224000000004,38.615176,-97.32566,-9.030921,15.564834,11.0,20.0,3.1458533,4.9418607,159.0,0.4260964739884393,-17.7721555,177.47510233,81,0.30855018587360594,0.30855018587360594,0.21561338289962825,0.3345724907063197,0.2955390334572491,0.36617100371747213,0.14869888475836432,0.26394052044609667,0.08921933085501858,0.5613382899628253,28.0,cell_key,225,16.73,False,MEDIUM,113.0,1068851.0,41186.0,41.0
ECI:1068606.0,526,8,67.63163499999999,15.9466725,69.99100907376426,7.41444866920152,13.11787072243346,11.977186311787072,25.694438999999996,70.05393275,-96.021,-8.9860095,19.0615145,13.0,24.0,3.8111048,6.6961838,132.0,0.518071978021978,-17.743245865,177.44204163,526,0.27137546468401486,0.34572490706319703,0.275092936802974,0.7137546468401487,0.08364312267657993,0.06691449814126393,0.2527881040892193,0.137546468401487,0.07063197026022305,0.5092936802973977,27.67,cell_key,228,15.61,False,HIGH,120.0,1068606.0,40790.0,41.0
ECI:1079828.0,146,2,96.218887,43.379155,107.6414762739726,0.0,0.684931506849315,0.684931506849315,7.446912500000003,56.95372000000001,-97.407015,-9.893025999999999,13.2083635,10.0,20.5,8.492927,11.483187000000001,166.0,0.6185914476264189,-17.598277205000002,177.4973694,146,0.11524163568773234,0.10408921933085502,0.011152416356877323,0.35687732342007433,0.44052044609665425,0.30297397769516726,0.7286245353159851,0.44609665427509293,0.41263940520446096,0.5650557620817844,27.42,cell_key,230,14.87,False,MEDIUM,495.0,1079828.0,500.0,1.0
ECI:1068744.0,70,2,120.94442,89.342505,120.06136254285715,0.0,1.4285714285714286,1.4285714285714286,-23.73116550000001,36.324103000000015,-80.63943800000001,-10.035281999999999,11.7413035,8.0,20.0,11.9711935,14.1271367,173.0,0.7076912450592885,-17.743938845,177.4418868,70,0.048327137546468404,0.011152416356877323,0.01486988847583643,0.01486988847583643,0.7397769516728625,0.36617100371747213,0.9851301115241635,0.5650557620817844,0.46096654275092935,0.05947955390334572,27.22,cell_key,231,14.5,False,MEDIUM,401.0,1068744.0,500.0,1.0
ECI:1080096.0,68,2,79.3602475,38.5393595,95.21765145588235,0.0,5.88235294117647,5.88235294117647,3.914932499999999,51.53674860000003,-78.98340999999999,-9.790222,14.253752500000001,11.0,19.0,7.894026500000001,11.381632800000002,172.5,0.5131262875816993,-17.606529045000002,177.45509987,68,0.19330855018587362,0.137546468401487,0.11524163568773234,0.24535315985130113,0.2955390334572491,0.4739776951672863,0.5985130111524164,0.3680297397769517,0.379182156133829,0.040892193308550186,26.97,cell_key,234,13.38,False,MEDIUM,197.0,1080096.0,1850.0,3.0
ECI:1079368.0,169,3,119.20887,73.349676,115.32179415384616,1.183431952662722,3.5502958579881656,3.5502958579881656,6.261245000000002,51.292821800000006,-86.61174,-9.651974,17.332605,8.0,20.0,8.509514,10.571970600000002,159.0,0.7749080158730158,-17.6815467,177.3877276,169,0.05204460966542751,0.03345724907063197,0.048327137546468404,0.31226765799256506,0.7397769516728625,0.36617100371747213,0.7323420074349443,0.1895910780669145,0.3271375464684015,0.1821561338289963,25.91,cell_key,235,13.01,False,HIGH,319.0,1079368.0,9310.0,28.0
ECI:3623958.0,174,3,174.61654499999997,114.01203749999999,170.17395485632184,0.5747126436781609,5.172413793103448,5.172413793103448,25.993287500000008,79.13566750000005,-86.78102000000001,-14.107473500000001,18.942243,13.0,22.0,10.618614,11.815818300000002,192.0,0.918607935505863,-17.773263025,177.38005279499998,174,0.007434944237918215,0.007434944237918215,0.09293680297397769,0.7323420074349443,0.08364312267657993,0.19330855018587362,0.9405204460966543,0.1412639405204461,0.966542750929368,0.1895910780669145,25.69,cell_key,237,12.27,False,HIGH,155.0,3623958.0,500.0,1.0
ECI:1068094.0,66,2,80.059752,54.1552085,83.10318772727273,0.0,1.5151515151515151,1.5151515151515151,31.76912250000001,52.504115,-94.8258275,-9.575625,17.457127,11.5,21.5,5.347852,7.7308481,172.0,0.4692895529308244,-17.803438110000002,177.41631426,66,0.18587360594795538,0.07063197026022305,0.01858736059479554,0.8178438661710037,0.23048327137546468,0.23234200743494424,0.4275092936802974,0.18587360594795538,0.31226765799256506,0.44609665427509293,25.61,cell_key,238,11.9,False,MEDIUM,141.0,1068094.0,40790.0,41.0
ECI:1068338.0,57,3,48.56383,25.2105444,47.78094105263158,3.508771929824561,8.771929824561402,8.771929824561402,5.092859500000003,46.5234586,-83.81352,-9.445791,17.790627,11.0,24.0,2.587519,5.84290576,97.0,0.43661117708333336,-17.7420696,177.45552141,57,0.4200743494423792,0.22304832713754646,0.19330855018587362,0.2788104089219331,0.2955390334572491,0.06691449814126393,0.048327137546468404,0.16728624535315986,0.26394052044609667,0.1412639405204461,24.8,cell_key,239,11.52,False,MEDIUM,49.0,1068338.0,41186.0,41.0
ECI:1064756.0,232,5,81.06468000000001,24.7182615,84.58884977155172,3.4482758620689653,9.913793103448276,9.913793103448276,-3.7770325000000007,35.417450575,-94.96911,-9.5664525,15.4455555,10.0,20.5,3.9076178500000003,6.117837880000001,179.0,0.4635652367318436,-17.80705343,177.414871035,232,0.17472118959107807,0.22676579925650558,0.21933085501858737,0.09293680297397769,0.44052044609665425,0.30297397769516726,0.27137546468401486,0.27137546468401486,0.30855018587360594,0.45724907063197023,24.19,cell_key,240,11.15,False,HIGH,149.0,1064756.0,41186.0,41.0
ECI:3640374.0,54,2,107.84007299999999,64.08459640000001,105.73682175925926,0.0,5.555555555555555,5.555555555555555,-1.4793437500000053,41.15789527500001,-78.298805,-12.493491,17.867319000000002,10.0,22.0,8.7596125,10.72477935,139.0,0.8120449383490074,-17.63380433,177.45978839499998,54,0.07063197026022305,0.04460966542750929,0.10408921933085502,0.10408921933085502,0.44052044609665425,0.19330855018587362,0.7992565055762082,0.15985130111524162,0.8921933085501859,0.03717472118959108,23.24,cell_key,242,10.41,False,MEDIUM,274.0,3640374.0,40988.0,41.0
ECI:1068853.0,92,4,77.256995,26.9638246,72.74246813043479,0.0,14.130434782608695,14.130434782608695,34.47779125,74.87709270000002,-82.208875,-9.2587265,21.36166,14.0,23.0,2.6494684,4.626550100000001,157.5,0.501513897927109,-17.76738095,177.47595239999998,92,0.20817843866171004,0.1970260223048327,0.2899628252788104,0.8364312267657993,0.024163568773234202,0.120817843866171,0.055762081784386616,0.04460966542750929,0.15985130111524162,0.09665427509293681,22.57,cell_key,243,10.04,False,MEDIUM,111.0,1068853.0,41384.0,41.0
ECI:1072702.0,107,3,102.09918,16.047000000000008,87.01565520560749,8.411214953271028,25.233644859813083,25.233644859813083,9.3714425,96.00226690000001,-95.7875,-9.1947365,18.795792,13.0,24.0,2.2875817,4.188512200000001,174.0,0.6045551461988304,-17.78071471,177.43019141,107,0.08550185873605948,0.3345724907063197,0.6394052044609665,0.40148698884758366,0.08364312267657993,0.06691449814126393,0.026022304832713755,0.1449814126394052,0.13382899628252787,0.4944237918215613,22.51,cell_key,244,9.67,False,HIGH,394.0,1072702.0,40790.0,41.0
ECI:1079612.0,118,4,84.91349,30.419393200000002,81.66688245762711,1.694915254237288,3.389830508474576,3.389830508474576,8.6022405,38.82956675,-88.72165749999999,-9.556183,12.8392425,12.0,22.0,4.57240335,7.74870554,170.5,0.49084389839181286,-17.62137673,177.43428824,118,0.15613382899628253,0.16728624535315986,0.04460966542750929,0.3828996282527881,0.18029739776951673,0.19330855018587362,0.37174721189591076,0.48698884758364314,0.30111524163568776,0.23048327137546468,21.97,cell_key,245,9.29,False,HIGH,347.0,1079612.0,40790.0,41.0
ECI:3631382.0,76,3,165.525105,83.839755,162.3885442368421,2.631578947368421,2.631578947368421,2.631578947368421,-11.176735000000022,32.76760274999999,-93.380683,-15.4498245,12.841541,12.0,23.0,10.68530775,11.472282,223.5,0.7498531783950118,-17.762159150000002,177.45842255,76,0.011152416356877323,0.026022304832713755,0.03717472118959108,0.048327137546468404,0.18029739776951673,0.120817843866171,0.9553903345724907,0.483271375464684,0.9851301115241635,0.40148698884758366,21.52,cell_key,246,8.92,False,MEDIUM,212.0,3631382.0,500.0,1.0
ECI:1065266.0,82,2,77.75622999999999,44.3177845,76.18496173170732,1.2195121951219512,4.878048780487805,4.878048780487805,4.080822999999995,31.963291400000003,-83.5116175,-9.708728,13.379780499999999,12.0,21.0,3.92239365,11.303814400000007,143.0,0.5398851567664787,-17.80270915,177.4148274,82,0.20074349442379183,0.09665427509293681,0.07434944237918216,0.2527881040892193,0.18029739776951673,0.26579925650557623,0.2788104089219331,0.43866171003717475,0.36059479553903345,0.13011152416356878,20.72,cell_key,247,8.55,False,MEDIUM,144.0,1065266.0,41186.0,41.0
ECI:1070908.0,118,2,108.657912,45.6017302,97.03305705084746,0.0,4.23728813559322,4.23728813559322,3.3627162500000054,39.96837865,-91.865095,-9.6521775,20.3008125,9.0,22.0,3.83083055,6.06089808,173.0,0.628872144551495,-17.7615217,177.4536513,118,0.06691449814126393,0.08178438661710037,0.05947955390334572,0.21561338289962825,0.5892193308550185,0.19330855018587362,0.25650557620817843,0.05947955390334572,0.3308550185873606,0.32342007434944237,17.91,cell_key,253,6.32,False,MEDIUM,348.0,1070908.0,40790.0,41.0
ECI:1068855.0,104,4,89.796898,27.1552368,81.28101243269231,2.8846153846153846,5.769230769230769,5.769230769230769,25.740018,61.8078168,-82.45579000000001,-9.2698275,21.256843500000002,13.0,23.5,2.8184439,5.04976697,157.0,0.5491241022279074,-17.76595715,177.47231855,104,0.1412639405204461,0.1895910780669145,0.11152416356877323,0.7174721189591078,0.08364312267657993,0.08550185873605948,0.07806691449814127,0.048327137546468404,0.16728624535315986,0.10780669144981413,17.91,cell_key,254,5.95,False,HIGH,112.0,1068855.0,41384.0,41.0
ECI:1081374.0,110,5,97.238295,29.226931999999998,98.64634434545455,7.2727272727272725,12.727272727272727,11.818181818181818,-5.252535000000009,45.05742492500004,-94.63052,-8.988823499999999,16.939048,13.0,24.5,6.79534005,12.215279200000001,168.0,0.6127686578475955,-17.68539505,177.41313973,110,0.10037174721189591,0.17100371747211895,0.27137546468401486,0.07806691449814127,0.08364312267657993,0.048327137546468404,0.5241635687732342,0.20817843866171004,0.07434944237918216,0.4349442379182156,17.75,cell_key,255,5.58,False,HIGH,453.0,1081374.0,1850.0,3.0
ECI:1077534.0,199,2,117.01416,88.5794052,113.72415508542714,0.0,2.0100502512562812,2.0100502512562812,3.4019099999999867,36.13282200000001,-81.28094,-9.3970585,15.036666,11.0,23.0,8.193484,10.709681400000001,136.0,0.805518303030303,-17.599758,177.45888798,199,0.055762081784386616,0.01486988847583643,0.026022304832713755,0.22304832713754646,0.2955390334572491,0.120817843866171,0.6431226765799256,0.29739776951672864,0.21933085501858737,0.07434944237918216,17.3,cell_key,257,4.83,False,MEDIUM,188.0,1077534.0,1850.0,3.0
ECI:1064759.0,517,6,96.36477,39.8829696,91.15155619340426,3.8684719535783367,8.704061895551257,7.156673114119923,14.699578999999986,65.12615040000007,-81.891304,-9.332447,19.506592,14.0,24.0,3.8666666,6.5360566,167.0,0.588692893081761,-17.8070166,177.4181157,517,0.11152416356877323,0.13011152416356878,0.1895910780669145,0.5241635687732342,0.024163568773234202,0.06691449814126393,0.26022304832713755,0.09665427509293681,0.1895910780669145,0.08550185873605948,16.94,cell_key,259,4.09,False,HIGH,149.0,1064759.0,41384.0,41.0
ECI:1076540.0,98,2,96.68020200000001,42.7440511,95.39853653061225,1.0204081632653061,6.122448979591836,6.122448979591836,2.1553237500000044,41.39154815,-94.78108,-9.104692499999999,16.302899,12.0,20.5,3.51832915,5.8458073,187.0,0.5181691483451536,-17.60467904,177.443713005,98,0.10780669144981413,0.10780669144981413,0.12639405204460966,0.17843866171003717,0.18029739776951673,0.30297397769516726,0.21189591078066913,0.2342007434944238,0.11895910780669144,0.4423791821561338,16.53,cell_key,261,3.35,False,MEDIUM,141.0,1076540.0,40790.0,41.0
ECI:1066814.0,254,3,93.20460800000001,33.8695189,95.56840293307087,4.724409448818897,14.566929133858267,14.566929133858267,0.15991950000000088,76.28989545,-95.15101000000001,-8.624756999999999,22.418931,13.0,25.0,4.3648019,8.9657654,151.0,0.7155260708910295,-17.77439794,177.36821436,254,0.12639405204460966,0.15613382899628253,0.30855018587360594,0.13382899628252787,0.08364312267657993,0.040892193308550186,0.3420074349442379,0.03345724907063197,0.01858736059479554,0.4684014869888476,16.18,cell_key,263,2.6,False,HIGH,156.0,1066814.0,40790.0,41.0
ECI:1075519.0,127,2,83.93015,40.655608,81.88420391338582,3.937007874015748,5.511811023622047,4.724409448818897,-2.5800134999999997,31.565288000000013,-97.032524,-9.363938,20.140429,12.0,22.0,3.5065749,6.1465537,163.0,0.6021030133333333,-17.70717554,177.44034083,127,0.16356877323420074,0.11895910780669144,0.10037174721189591,0.10037174721189591,0.18029739776951673,0.19330855018587362,0.20817843866171004,0.06691449814126393,0.20446096654275092,0.5427509293680297,15.56,cell_key,264,2.23,False,MEDIUM,315.0,1075519.0,40988.0,41.0
ECI:1068854.0,329,3,91.86606,34.474639,89.18338482066869,0.911854103343465,4.5592705167173255,4.5592705167173255,3.829777,38.95801999999999,-90.31799,-9.24426,16.78021,13.0,21.0,2.9636712,4.69673652,173.0,0.5499061818181818,-17.7700633,177.4743795,329,0.13382899628252787,0.1524163568773234,0.06691449814126393,0.2379182156133829,0.08364312267657993,0.26579925650557623,0.11524163568773234,0.21561338289962825,0.1524163568773234,0.2825278810408922,15.01,cell_key,265,1.86,False,HIGH,113.0,1068854.0,41384.0,41.0
ECI:1066772.0,233,5,144.8911,54.1596836,144.47614960515023,0.4291845493562232,7.296137339055794,7.296137339055794,-6.160900000000012,63.306114000000015,-92.70296,-8.90891,20.708532,13.0,26.0,8.17228,11.133001400000001,173.0,0.9625085,-17.77174501,177.37443251,233,0.026022304832713755,0.06691449814126393,0.15613382899628253,0.07063197026022305,0.08364312267657993,0.01858736059479554,0.6356877323420075,0.055762081784386616,0.04460966542750929,0.3680297397769517,12.78,cell_key,266,1.49,False,HIGH,157.0,1066772.0,500.0,1.0
ECI:1075521.0,139,2,97.120056,30.760608,101.70016798561151,2.158273381294964,10.071942446043165,10.071942446043165,-14.394236000000006,32.344578999999996,-99.35459,-9.240026,19.676344,13.0,24.0,2.4965327,4.82132832,169.0,0.5959018032786886,-17.70171774,177.43132175,139,0.10408921933085502,0.16356877323420074,0.22676579925650558,0.03345724907063197,0.08364312267657993,0.06691449814126393,0.03717472118959108,0.08550185873605948,0.1449814126394052,0.6691449814126395,12.02,cell_key,267,1.12,False,MEDIUM,316.0,1075521.0,40988.0,41.0
ECI:1082167.0,134,3,142.677535,66.52501550000001,134.60992639552236,0.7462686567164178,4.477611940298507,3.731343283582089,-38.240488125,11.403550500000001,-92.9866945,-9.24501325,19.230248500000002,13.0,23.0,3.06383205,5.23424295,191.0,0.7457705723625887,-17.604840425,177.444948965,134,0.02973977695167286,0.040892193308550186,0.06319702602230483,0.007434944237918215,0.08364312267657993,0.120817843866171,0.13011152416356878,0.11895910780669144,0.15613382899628253,0.379182156133829,7.33,cell_key,268,0.74,False,HIGH,141.0,1082167.0,41384.0,41.0
ECI:1079584.0,75,2,150.24506,73.7034596,154.03586386666666,0.0,4.0,4.0,-19.754109999999997,17.996578400000022,-75.732635,-9.085731,22.507772,15.0,27.0,4.8421054,9.5180374,183.0,0.876662125,-17.6256835,177.4317466,75,0.01858736059479554,0.02973977695167286,0.05204460966542751,0.01858736059479554,0.007434944237918215,0.0037174721189591076,0.39776951672862454,0.02973977695167286,0.11152416356877323,0.022304832713754646,6.43,cell_key,269,0.37,False,MEDIUM,346.0,1079584.0,1850.0,3.0
