serving_pci,rows,sessions,median_tp_mbps,p10_tp_mbps,mean_tp_mbps,low_tp_pct,stat_anomaly_pct,rca_handoff_pct,median_p75_gap_mbps,p90_p75_gap_mbps,median_rsrp_dbm,median_rsrq_db,median_sinr_db,median_cqi,median_mcs,median_bler_pct,p90_bler_pct,median_rb_usage,median_tp_per_rb,approx_observation_latitude,approx_observation_longitude,gps_observation_rows,median_tp_badness,p10_tp_badness,anomaly_rate_badness,p75_gap_badness,cqi_badness,mcs_badness,bler_badness,sinr_badness,rsrq_badness,rsrp_badness,bad_entity_score_0_100,entity_label,bad_entity_rank,bad_entity_percentile,bad_entity_candidate_flag,rank_reliability
332.0,44,3,8.264196,2.6315472,9.9654725,54.54545454545454,77.27272727272727,72.72727272727273,28.394825999999995,38.513423599999996,-109.459125,-12.627267,3.02839055,6.0,9.0,8.5575615,13.8532472,132.0,0.07832616225749559,-17.81499435,177.437926595,44,0.9726027397260274,0.8013698630136986,0.9863013698630136,0.8082191780821918,0.9691780821917808,0.9897260273972602,0.773972602739726,0.9931506849315068,0.8698630136986302,0.9794520547945206,91.58,pci_only_reuse_caution,1,100.0,True,LOW
385.0,171,8,11.54624,4.207,13.037600672514621,42.10526315789473,59.64912280701754,55.55555555555556,34.338455,75.8942945,-92.91484,-11.323052,8.17647,7.0,9.0,9.259259,15.127389,116.0,0.10293144751381215,-17.62706325,177.4437909,171,0.9452054794520548,0.7465753424657534,0.958904109589041,0.8904109589041096,0.9006849315068494,0.9897260273972602,0.863013698630137,0.8424657534246576,0.7534246575342466,0.4041095890410959,88.39,pci_only_reuse_caution,2,99.32,True,HIGH
169.0,135,6,11.542288,3.9694432,13.034012080740741,41.48148148148148,52.59259259259259,45.18518518518518,31.782606,69.62107479999999,-96.767044,-11.320139,7.274156,7.0,12.0,8.410705,13.096720400000006,89.0,0.13127813496932517,-17.6213726,177.4413644,135,0.952054794520548,0.7602739726027398,0.9452054794520548,0.863013698630137,0.9006849315068494,0.958904109589041,0.7397260273972602,0.8767123287671232,0.7465753424657534,0.5753424657534246,87.32,pci_only_reuse_caution,3,98.63,True,HIGH
138.0,228,5,7.926212,2.0999008000000003,10.109220668421052,63.1578947368421,66.22807017543859,53.94736842105263,2.8093019999999997,14.685383200000004,-112.4380175,-11.3499275,4.0968692,6.0,10.0,8.83034,16.782061100000007,86.0,0.09184738455333737,-17.786421165,177.39252763000002,228,0.9794520547945206,0.8287671232876712,0.9726027397260274,0.18493150684931506,0.9691780821917808,0.9794520547945206,0.815068493150685,0.9863013698630136,0.7602739726027398,1.0,85.56,pci_only_reuse_caution,4,97.95,True,HIGH
375.0,226,8,4.155692,0.58682,6.239936799557523,76.54867256637168,77.43362831858407,42.92035398230089,28.31462375,43.968185999999996,-102.2606625,-11.107651,5.3736944,6.0,4.0,0.0,25.0,76.0,0.0565277033957034,-17.609842295,177.46181395,226,1.0,0.9452054794520548,0.9931506849315068,0.8013698630136986,0.9691780821917808,1.0,0.00684931506849315,0.958904109589041,0.7054794520547946,0.821917808219178,85.25,pci_only_reuse_caution,5,97.26,True,HIGH
231.0,218,8,14.611088,5.629851200000001,22.056388793119268,34.403669724770644,38.99082568807339,25.229357798165136,48.81268700000001,84.83153275000001,-93.762145,-11.115575,9.7378495,8.0,15.0,10.1308585,11.9849289,50.5,0.3046815897435897,-17.62475493,177.45530425,218,0.9315068493150684,0.6438356164383562,0.9041095890410958,0.9726027397260274,0.75,0.821917808219178,0.9178082191780822,0.7397260273972602,0.7123287671232876,0.4520547945205479,83.94,pci_only_reuse_caution,6,96.58,True,HIGH
320.0,38,5,12.865132,2.7856488,19.01032692105263,42.10526315789473,44.73684210526316,39.473684210526315,25.236690499999995,72.36998085000013,-101.518697,-10.919908,6.30715615,8.0,12.0,7.7919592,17.3670471,78.0,0.17285548412698415,-17.67679775,177.4003214,38,0.9383561643835616,0.7945205479452054,0.9315068493150684,0.7397260273972602,0.75,0.958904109589041,0.5684931506849316,0.8972602739726028,0.6712328767123288,0.7876712328767124,83.0,pci_only_reuse_caution,7,95.89,True,LOW
383.0,162,8,9.90342,4.50212,19.143439617283953,50.617283950617285,56.79012345679012,46.2962962962963,6.9838218749999985,37.80562135,-98.509015,-11.6485855,6.5668242,7.0,13.5,9.5139705,22.6299761,82.5,0.2493107634751773,-17.612349950000002,177.447119575,162,0.958904109589041,0.7191780821917808,0.952054794520548,0.3150684931506849,0.9006849315068494,0.8904109589041096,0.8835616438356164,0.8835616438356164,0.7945205479452054,0.6301369863013698,82.84,pci_only_reuse_caution,8,95.21,True,HIGH
363.0,175,5,7.044,1.8145136000000002,12.128906687977143,62.857142857142854,67.42857142857143,49.142857142857146,7.837288000000001,38.79663839999999,-107.950195,-11.424831,5.7383566,7.0,13.0,6.10687,14.387521799999996,84.0,0.08759280898876404,-17.7967214,177.40709416,175,0.9863013698630136,0.8561643835616438,0.9794520547945206,0.363013698630137,0.9006849315068494,0.9143835616438356,0.4315068493150685,0.9246575342465754,0.7671232876712328,0.958904109589041,82.47,pci_only_reuse_caution,9,94.52,True,HIGH
170.0,34,3,16.6481565,6.3342824,18.000549044117648,17.647058823529413,44.11764705882353,44.11764705882353,43.9178305,69.1156572,-83.718075,-11.0559255,6.0040437,7.0,12.0,6.548133,12.680061,117.5,0.15545288275193797,-17.628009675,177.448639875,34,0.8972602739726028,0.589041095890411,0.9246575342465754,0.9383561643835616,0.9006849315068494,0.958904109589041,0.4863013698630137,0.9178082191780822,0.684931506849315,0.1095890410958904,80.91,pci_only_reuse_caution,10,93.84,True,LOW
373.0,295,10,14.86316,6.2706048,17.017477510847456,27.45762711864407,29.491525423728817,18.64406779661017,7.924292999999997,24.86570800000001,-107.932396,-12.303572,5.6,6.0,15.0,9.742121,14.192309800000007,76.0,0.1951903238095238,-17.60556418,177.46128821,295,0.9246575342465754,0.5958904109589042,0.773972602739726,0.3698630136986301,0.9691780821917808,0.821917808219178,0.910958904109589,0.9383561643835616,0.8356164383561644,0.952054794520548,80.28,pci_only_reuse_caution,11,93.15,True,HIGH
167.0,267,13,5.997048,0.6789376,7.032777668689139,74.53183520599251,80.89887640449437,58.80149812734082,60.310975,100.17448930000002,-91.452446,-10.805398,12.627831,9.0,18.0,6.626506,16.196373,98.0,0.07217167816091954,-17.6307621,177.4542662,267,0.9931506849315068,0.9315068493150684,1.0,0.9931506849315068,0.5513698630136986,0.5753424657534246,0.5,0.4383561643835616,0.6301369863013698,0.3356164383561644,79.88,pci_only_reuse_caution,12,92.47,True,HIGH
130.0,82,6,8.85756,1.7928423999999998,10.334492889024391,59.756097560975604,63.41463414634146,39.02439024390244,8.725478000000003,35.894226200000006,-99.91193,-10.175193,8.4446795,8.0,16.0,7.82927295,19.877555700000006,37.5,0.19406788900429306,-17.7718576,177.43854909,82,0.9657534246575342,0.863013698630137,0.9657534246575342,0.3904109589041096,0.75,0.7636986301369864,0.589041095890411,0.8287671232876712,0.5068493150684932,0.7191780821917808,78.9,pci_only_reuse_caution,13,91.78,True,MEDIUM
182.0,285,14,15.701608,2.389294400000001,26.65745410308772,35.43859649122807,41.40350877192983,22.807017543859647,17.903045,46.097472700000004,-105.721985,-11.188145,8.581112,8.0,12.0,4.2735043,8.4700192,124.0,0.17267795424836602,-17.61133827,177.45481801,285,0.910958904109589,0.821917808219178,0.9178082191780822,0.589041095890411,0.75,0.958904109589041,0.2671232876712329,0.821917808219178,0.7328767123287672,0.9246575342465754,78.01,pci_only_reuse_caution,14,91.1,True,HIGH
179.0,437,10,17.225945,4.6424624,31.235946732265447,29.51945080091533,38.215102974828376,26.773455377574372,33.170277999999996,73.12360260000001,-99.74725,-10.523515,10.920485,8.0,17.0,7.853026,12.828325400000008,103.0,0.1874778536585366,-17.61428283,177.465637,437,0.8835616438356164,0.7123287671232876,0.8972602739726028,0.8698630136986302,0.75,0.6746575342465754,0.5958904109589042,0.6164383561643836,0.5684931506849316,0.7123287671232876,77.25,pci_only_reuse_caution,15,90.41,True,HIGH
272.0,41,3,20.226696,0.168752,27.004661192682928,31.70731707317073,34.146341463414636,14.634146341463413,47.34349300000001,98.221094,-89.09375,-13.123798,10.695605,8.0,19.0,6.557377,10.985626,96.0,0.23201927044025158,-17.63045314,177.45386322,41,0.8424657534246576,0.9863013698630136,0.8287671232876712,0.9657534246575342,0.75,0.4520547945205479,0.4931506849315068,0.6301369863013698,0.8972602739726028,0.23972602739726026,77.23,pci_only_reuse_caution,16,89.73,False,LOW
340.0,85,2,28.12656,0.0351408,25.746257682329414,25.882352941176475,27.058823529411764,16.470588235294116,-1.436830999999998,18.034873500000003,-111.84375,-12.30984,5.519767,6.0,13.0,9.596577,15.356697200000003,96.0,0.25223230337078656,-17.78877476,177.44170807,85,0.7397260273972602,0.9931506849315068,0.6712328767123288,0.07534246575342465,0.9691780821917808,0.9143835616438356,0.9041095890410958,0.9452054794520548,0.8424657534246576,0.9931506849315068,76.97,pci_only_reuse_caution,17,89.04,False,MEDIUM
402.0,108,6,18.7590445,0.017633600000000003,53.63972604907408,20.37037037037037,21.296296296296298,12.037037037037036,2.0395974999999993,45.39919899999999,-99.61843999999999,-11.625594,5.5157375,7.0,14.0,9.5395655,14.5648715,66.5,0.33504002085781437,-17.763714450000002,177.44092215,108,0.863013698630137,1.0,0.4726027397260274,0.1506849315068493,0.9006849315068494,0.8664383561643836,0.8972602739726028,0.952054794520548,0.7876712328767124,0.7054794520547946,76.41,pci_only_reuse_caution,18,88.36,False,HIGH
469.0,1339,17,19.368343,3.625307200000001,24.369640296709857,23.823749066467514,26.960418222554143,17.251680358476477,11.4424755,34.77895705,-105.56424,-10.893258,4.93,6.0,14.0,7.511737,15.3033224,107.0,0.18185928476821192,-17.8128905,177.4432644,1339,0.8493150684931506,0.7671232876712328,0.6643835616438356,0.4657534246575342,0.9691780821917808,0.8664383561643836,0.5273972602739726,0.9726027397260274,0.6575342465753424,0.910958904109589,75.92,pci_only_reuse_caution,19,87.67,False,HIGH
147.0,288,15,21.852871999999998,2.395865600000001,30.48867639225695,30.208333333333332,36.11111111111111,23.26388888888889,9.229654,37.23373635000001,-107.257678,-11.135885,8.228244,8.0,13.0,6.1196295,11.5925899,121.0,0.19760683424132364,-17.8006761,177.418947985,288,0.8287671232876712,0.815068493150685,0.8493150684931506,0.410958904109589,0.75,0.9143835616438356,0.4383561643835616,0.8356164383561644,0.7191780821917808,0.9452054794520548,74.63,pci_only_reuse_caution,20,86.99,False,HIGH
132.0,162,5,26.805419999999998,2.038412800000001,25.928272847530867,30.246913580246915,33.33333333333333,16.666666666666664,38.4042225,110.7367057,-90.467605,-9.704481999999999,12.8351665,8.0,18.0,9.5124015,19.0089036,88.0,0.29447822406015034,-17.7914203,177.42335585,162,0.7534246575342466,0.8356164383561644,0.8184931506849316,0.910958904109589,0.75,0.5753424657534246,0.8767123287671232,0.4315068493150685,0.3150684931506849,0.3013698630136986,73.93,pci_only_reuse_caution,21,86.3,False,HIGH
177.0,145,3,18.897888,7.368940800000001,19.994167920689655,23.448275862068964,28.965517241379313,24.82758620689655,23.2219485,43.88282805,-100.5649,-10.84949,10.983695,8.0,16.0,8.196721,13.913563799999999,107.0,0.20229851851851852,-17.6042825,177.4790069,145,0.8561643835616438,0.5684931506849316,0.7465753424657534,0.684931506849315,0.75,0.7636986301369864,0.7123287671232876,0.6095890410958904,0.6438356164383562,0.7534246575342466,73.25,pci_only_reuse_caution,22,85.62,False,HIGH
82.0,54,4,16.3076165,4.2845568,18.678827005555554,25.925925925925924,33.33333333333333,27.77777777777778,18.27432175,43.14757250000001,-108.632238,-11.078472,9.926534499999999,8.0,16.0,3.9512726000000002,9.849740800000001,93.0,0.1668507689982729,-17.775659495,177.476794655,54,0.9041095890410958,0.7397260273972602,0.8184931506849316,0.5958904109589042,0.75,0.7636986301369864,0.22602739726027396,0.726027397260274,0.6986301369863014,0.9726027397260274,73.04,pci_only_reuse_caution,23,84.93,False,MEDIUM
355.0,78,4,25.1396315,4.907437600000001,39.03892412179487,24.358974358974358,37.17948717948718,33.33333333333333,23.297360749999996,51.941321599999995,-90.79538249999999,-10.673313499999999,10.107057000000001,8.0,12.5,5.2554655,10.712489999999999,165.5,0.1769838883747831,-17.641497095,177.431553635,78,0.7808219178082192,0.7054794520547946,0.8835616438356164,0.7054794520547946,0.75,0.9383561643835616,0.3835616438356164,0.7123287671232876,0.6027397260273972,0.3287671232876712,72.71,pci_only_reuse_caution,24,84.25,False,MEDIUM
210.0,56,3,67.97588999999999,1.35896,60.956909426785714,19.642857142857142,28.57142857142857,25.0,36.09449875,108.47819350000002,-105.11397550000001,-16.5706835,1.9600283,8.0,13.0,10.259083,11.879825,236.5,0.3081206551284774,-17.76307885,177.46441849,56,0.2808219178082192,0.8972602739726028,0.7294520547945206,0.8972602739726028,0.75,0.9143835616438356,0.9315068493150684,1.0,0.9931506849315068,0.8904109589041096,72.13,pci_only_reuse_caution,25,83.56,False,MEDIUM
250.0,63,3,46.310825,0.83048,48.30663012695238,19.047619047619047,28.57142857142857,26.984126984126984,45.518319999999996,147.65994720000012,-92.13577,-14.481618,9.101089,9.0,17.0,10.187933,12.3427258,90.0,0.45679277108433736,-17.61970348,177.46368534,63,0.4589041095890411,0.9246575342465754,0.7294520547945206,0.958904109589041,0.5513698630136986,0.6746575342465754,0.9246575342465754,0.7808219178082192,0.9657534246575342,0.3767123287671233,71.1,pci_only_reuse_caution,26,82.88,False,MEDIUM
140.0,444,14,26.0530155,3.2607896000000003,36.02260381238739,25.675675675675674,36.711711711711715,29.054054054054053,19.175363000000004,56.609945149999994,-101.28264,-10.081908,10.6264375,8.5,15.0,5.13448785,11.492947299999999,149.5,0.23678963161987715,-17.61219909,177.45073853,444,0.7671232876712328,0.7808219178082192,0.8698630136986302,0.6095890410958904,0.636986301369863,0.821917808219178,0.3767123287671233,0.6438356164383562,0.4794520547945205,0.7671232876712328,69.98,pci_only_reuse_caution,27,82.19,False,HIGH
487.0,727,25,15.087928,0.6256336000000002,22.277655035458046,39.75240715268226,47.45529573590097,27.785419532324624,17.819380000000002,64.594372,-103.0625,-10.009339,11.697559,11.0,17.0,4.645048,11.150376399999999,69.0,0.20375702127659573,-17.73934393,177.45668877,727,0.9178082191780822,0.9383561643835616,0.9383561643835616,0.5821917808219178,0.22945205479452055,0.6746575342465754,0.3287671232876712,0.5342465753424658,0.4383561643835616,0.863013698630137,69.89,pci_only_reuse_caution,28,81.51,False,HIGH
352.0,249,6,24.617128,4.0871968,36.678269015983936,24.899598393574294,30.923694779116467,21.285140562248998,13.807888250000003,46.25716120000001,-104.51136,-9.934103,9.512361,7.0,14.0,3.5365853,7.1157754,140.0,0.2041980223880597,-17.6310307,177.476323,249,0.8013698630136986,0.7534246575342466,0.7808219178082192,0.5068493150684932,0.9006849315068494,0.8664383561643836,0.15753424657534246,0.7534246575342466,0.4041095890410959,0.8835616438356164,69.71,pci_only_reuse_caution,29,80.82,False,HIGH
275.0,219,10,34.482346,0.9657568,37.607950992694064,26.027397260273972,28.31050228310502,13.698630136986301,37.27157499999999,82.1383028,-90.11152,-12.322704,12.525845,8.0,19.0,8.129544,11.466091600000004,95.0,0.35693908661417323,-17.6316937,177.4559798,219,0.6164383561643836,0.9178082191780822,0.7123287671232876,0.9041095890410958,0.75,0.4520547945205479,0.684931506849315,0.4452054794520548,0.8493150684931506,0.2876712328767123,69.34,pci_only_reuse_caution,30,80.14,False,HIGH
395.0,580,13,20.5607445,1.9045440000000002,31.188427482378447,34.48275862068966,39.13793103448276,25.17241379310345,28.191774125000002,71.733906,-97.9251275,-10.048373999999999,11.751552,10.0,18.0,5.12264565,11.121495200000002,78.0,0.2597752957987739,-17.80634185,177.433258295,580,0.8356164383561644,0.8493150684931506,0.910958904109589,0.7945205479452054,0.3732876712328767,0.5753424657534246,0.3698630136986301,0.5205479452054794,0.4657534246575342,0.6164383561643836,69.12,pci_only_reuse_caution,31,79.45,False,HIGH
214.0,30,2,35.5219995,1.5918528000000003,43.42405616666667,26.666666666666668,26.666666666666668,20.0,5.700542500000003,35.74444292500006,-99.1324,-13.598606499999999,5.2928595000000005,6.0,18.5,8.157639,10.680133099999999,153.0,0.27738623198454193,-17.769291185,177.455059215,30,0.6027397260273972,0.8835616438356164,0.6506849315068494,0.2602739726027397,0.9691780821917808,0.5205479452054794,0.6917808219178082,0.9657534246575342,0.9383561643835616,0.678082191780822,68.41,pci_only_reuse_caution,32,78.77,False,LOW
376.0,39,2,18.235895,8.961108800000002,20.164607512820513,17.94871794871795,28.205128205128204,20.51282051282051,24.823099749999997,57.544205000000005,-91.78775,-9.596301,10.5379305,9.0,16.0,7.9710145,11.8530048,108.0,0.17765462393162393,-17.62724301,177.4493433,39,0.8767123287671232,0.4863013698630137,0.7054794520547946,0.726027397260274,0.5513698630136986,0.7636986301369864,0.6301369863013698,0.6712328767123288,0.273972602739726,0.3493150684931507,67.93,pci_only_reuse_caution,33,78.08,False,LOW
353.0,96,7,32.319788,7.7261599,38.051058777083334,16.666666666666664,36.45833333333333,29.166666666666668,23.244091875,47.587031499999995,-98.71033499999999,-10.76211,12.268928500000001,6.0,14.0,4.55490375,9.247477,165.0,0.228178054248366,-17.619619874999998,177.46894896,96,0.6712328767123288,0.547945205479452,0.8561643835616438,0.6917808219178082,0.9691780821917808,0.8664383561643836,0.3082191780821918,0.4931506849315068,0.6232876712328768,0.6438356164383562,67.85,pci_only_reuse_caution,34,77.4,False,MEDIUM
339.0,398,10,24.626939999999998,5.4300216,29.821773022562812,14.572864321608039,21.85929648241206,20.603015075376884,11.411516624999999,66.22719295,-101.51276999999999,-10.91912,10.290194,9.0,17.0,10.57520775,17.191444600000004,91.0,0.2603351858974359,-17.77294016,177.435895415,398,0.7945205479452054,0.6712328767123288,0.4863013698630137,0.4589041095890411,0.5513698630136986,0.6746575342465754,0.952054794520548,0.6986301369863014,0.6643835616438356,0.7808219178082192,67.67,pci_only_reuse_caution,35,76.71,False,HIGH
271.0,52,2,36.90391150000001,3.441414400000001,47.108403461538465,23.076923076923077,26.923076923076923,25.0,20.219371,52.34327979999999,-99.98705000000001,-11.5458985,8.976942000000001,7.0,19.0,7.88746515,10.3863626,102.5,0.3720354451138771,-17.635967819999998,177.46034103,52,0.589041095890411,0.773972602739726,0.6575342465753424,0.6301369863013698,0.9006849315068494,0.4520547945205479,0.6027397260273972,0.8082191780821918,0.773972602739726,0.726027397260274,66.91,pci_only_reuse_caution,36,76.03,False,MEDIUM
234.0,134,3,49.6417195,0.2445024,48.90186869327612,16.417910447761194,22.388059701492537,18.65671641791045,27.834565000000012,92.18449900000003,-92.6116,-15.512952,6.5563155,9.0,18.0,10.601886499999999,12.3052023,95.5,0.5453483250517599,-17.61928785,177.46545479,134,0.4178082191780822,0.9726027397260274,0.5136986301369864,0.7808219178082192,0.5513698630136986,0.5753424657534246,0.9657534246575342,0.8904109589041096,0.9863013698630136,0.3904109589041096,66.45,pci_only_reuse_caution,37,75.34,False,HIGH
196.0,183,8,29.259472,6.227791999999999,41.43976381857924,18.579234972677597,26.229508196721312,22.404371584699454,20.404261999999996,82.80852020000002,-94.77439,-10.217203,9.111701,9.0,17.0,8.527132,14.30003560000001,123.0,0.28499973509933774,-17.60717796,177.46034801,183,0.7191780821917808,0.6027397260273972,0.6438356164383562,0.6438356164383562,0.5513698630136986,0.6746575342465754,0.7671232876712328,0.773972602739726,0.5205479452054794,0.4794520547945205,66.29,pci_only_reuse_caution,38,74.66,False,HIGH
496.0,48,2,26.4024315,11.8845232,32.98742626041667,12.5,18.75,10.416666666666668,4.2782702499999985,17.653570750000004,-101.96706499999999,-11.7004655,4.8488223,7.0,12.0,8.583644,10.360280800000004,117.5,0.264055103073343,-17.596384399999998,177.503053765,48,0.7602739726027398,0.3561643835616438,0.3904109589041096,0.22602739726027396,0.9006849315068494,0.958904109589041,0.7808219178082192,0.9794520547945206,0.8013698630136986,0.8082191780821918,65.8,pci_only_reuse_caution,39,73.97,False,LOW
165.0,401,11,25.441536,4.432584,35.603438167830426,23.44139650872818,36.65835411471321,27.18204488778055,55.6159,125.730447,-87.713646,-9.936842,13.532226,10.0,20.0,7.5441413,13.013699,114.0,0.25369872222222223,-17.63206694,177.45532915,401,0.773972602739726,0.726027397260274,0.863013698630137,0.9863013698630136,0.3732876712328767,0.339041095890411,0.5342465753424658,0.3767123287671233,0.410958904109589,0.18493150684931506,65.21,pci_only_reuse_caution,40,73.29,False,HIGH
331.0,57,4,23.395697,9.5045248,25.861231859649124,17.543859649122805,35.08771929824561,26.31578947368421,4.112807750000002,64.9766817,-102.317604,-10.072704,10.046875,9.0,16.0,7.938144,10.596303399999998,70.0,0.3211312185430464,-17.80029926,177.4176363,57,0.821917808219178,0.4726027397260274,0.8356164383561644,0.2191780821917808,0.5513698630136986,0.7636986301369864,0.6232876712328768,0.7191780821917808,0.4726027397260274,0.8287671232876712,64.99,pci_only_reuse_caution,41,72.6,False,MEDIUM
232.0,387,10,30.688728,6.1803008,39.800373624031,16.020671834625322,19.896640826873384,15.503875968992247,40.0600905,71.2352142,-96.26208,-9.917763,13.8659115,9.0,17.0,9.508461,11.5516532,71.0,0.44232439024390247,-17.6166701,177.450169,387,0.7123287671232876,0.6095890410958904,0.4315068493150685,0.9178082191780822,0.5513698630136986,0.6746575342465754,0.8698630136986302,0.363013698630137,0.3835616438356164,0.541095890410959,64.32,pci_only_reuse_caution,42,71.92,False,HIGH
125.0,270,9,34.230885,5.9246736,45.51376823148148,17.037037037037038,25.555555555555554,22.962962962962962,12.217992499999998,62.76403369999999,-99.07041000000001,-10.698736,9.362549999999999,8.0,17.0,7.6896763,14.663773099999998,110.0,0.33405143812709026,-17.76269238,177.44293947,270,0.6232876712328768,0.6232876712328768,0.636986301369863,0.4863013698630137,0.75,0.6746575342465754,0.547945205479452,0.7671232876712328,0.6095890410958904,0.6643835616438356,62.95,pci_only_reuse_caution,43,71.23,False,HIGH
146.0,305,8,32.145233,0.40370560000000005,33.17614352291803,29.18032786885246,32.78688524590164,27.54098360655738,2.0945240000000016,21.907608699999997,-106.20346,-10.328993,10.581522,9.0,17.0,5.042017,10.649873000000003,84.0,0.3153114294871795,-17.7977396,177.41479424,305,0.684931506849315,0.952054794520548,0.7945205479452054,0.15753424657534246,0.5513698630136986,0.6746575342465754,0.3561643835616438,0.6506849315068494,0.5342465753424658,0.9315068493150684,62.83,pci_only_reuse_caution,44,70.55,False,HIGH
161.0,41,2,18.390673,11.925376,20.207898536585365,9.75609756097561,17.073170731707318,14.634146341463413,1.5428717500000033,35.87986075,-111.49755,-10.996053,7.2926335,8.0,15.0,8.174771,10.766962,92.0,0.2644288695652174,-17.65516926,177.43827289,41,0.8698630136986302,0.3493150684931507,0.3424657534246575,0.136986301369863,0.75,0.821917808219178,0.7054794520547946,0.8698630136986302,0.678082191780822,0.9863013698630136,62.79,pci_only_reuse_caution,45,69.86,False,LOW
230.0,44,3,70.95067,1.6058063999999996,64.90687279545455,18.181818181818183,25.0,22.727272727272727,45.288369999999986,100.7245556,-87.866987,-14.2345675,11.2244445,9.0,16.0,10.461185,11.904726000000002,100.5,0.6867060020833333,-17.615741115,177.45759333,44,0.2328767123287671,0.8767123287671232,0.6232876712328768,0.952054794520548,0.5513698630136986,0.7636986301369864,0.9383561643835616,0.5547945205479452,0.958904109589041,0.1917808219178082,62.52,pci_only_reuse_caution,46,69.18,False,LOW
158.0,242,8,33.1638965,0.228464,58.76623025825619,27.27272727272727,33.057851239669425,23.96694214876033,9.277276624999995,41.479064650000005,-104.22856250000001,-9.632143,13.0945705,10.0,18.0,6.92495315,13.900485100000001,152.5,0.29314445197740113,-17.775580835,177.375551825,242,0.6575342465753424,0.9794520547945206,0.8082191780821918,0.4246575342465753,0.3732876712328767,0.5753424657534246,0.5068493150684932,0.4041095890410959,0.2876712328767123,0.8767123287671232,61.68,pci_only_reuse_caution,47,68.49,False,HIGH
345.0,215,8,24.285568,5.577937599999999,39.02382704604651,20.46511627906977,27.906976744186046,18.13953488372093,15.117599999999996,80.84391679999997,-89.82321,-10.005051,11.829885,10.0,17.0,5.8579884,12.0947248,89.0,0.2448858,-17.62424798,177.4351379,215,0.815068493150685,0.6575342465753424,0.6917808219178082,0.5342465753424658,0.3732876712328767,0.6746575342465754,0.3972602739726027,0.5136986301369864,0.4315068493150685,0.273972602739726,61.06,pci_only_reuse_caution,48,67.81,False,HIGH
168.0,124,5,35.8935275,10.2542176,40.23834509274193,9.67741935483871,20.161290322580644,16.93548387096774,16.921247,61.091190100000006,-93.403882,-11.8267025,6.237277649999999,8.0,13.0,5.92532835,10.9157202,174.5,0.20048318983451535,-17.619165244999998,177.44901925,124,0.5958904109589042,0.4383561643835616,0.4520547945205479,0.5616438356164384,0.75,0.9143835616438356,0.4178082191780822,0.9041095890410958,0.8082191780821918,0.4315068493150685,60.16,pci_only_reuse_caution,49,67.12,False,HIGH
338.0,492,13,40.1801325,5.6181888,43.22672721910468,15.040650406504067,23.170731707317074,20.73170731707317,16.766413625,60.34452925000001,-94.00849500000001,-10.832229,10.480554,9.0,18.0,9.104220999999999,14.645593500000004,155.0,0.27907673101736974,-17.775363130000002,177.43320740000001,492,0.541095890410959,0.6506849315068494,0.541095890410959,0.5547945205479452,0.5513698630136986,0.5753424657534246,0.8561643835616438,0.678082191780822,0.636986301369863,0.4589041095890411,60.13,pci_only_reuse_caution,50,66.44,False,HIGH
160.0,59,4,33.214066,8.1597408,32.981384152542375,18.64406779661017,23.728813559322035,10.16949152542373,20.079411,35.12328300000001,-94.285324,-11.072369,8.026437,9.0,13.0,3.5326087,6.372884,159.0,0.2012973696969697,-17.6429688,177.4228011,59,0.6506849315068494,0.5136986301369864,0.5821917808219178,0.6232876712328768,0.5513698630136986,0.9143835616438356,0.1506849315068493,0.8493150684931506,0.6917808219178082,0.4657534246575342,59.36,pci_only_reuse_caution,51,65.75,False,MEDIUM
148.0,399,17,45.647343,1.7382544000000009,41.53366018541354,27.31829573934837,32.83208020050125,22.55639097744361,9.276224000000003,44.277855200000005,-99.09804,-10.576463,8.729671,10.0,17.0,6.264501,10.2630641,155.0,0.30260131578947363,-17.80703805,177.42257921,399,0.4726027397260274,0.8698630136986302,0.8013698630136986,0.4178082191780822,0.3732876712328767,0.6746575342465754,0.4520547945205479,0.815068493150685,0.5821917808219178,0.6712328767123288,59.06,pci_only_reuse_caution,52,65.07,False,HIGH
134.0,93,4,33.150986,9.118348800000001,41.920962639784946,11.827956989247312,27.956989247311824,26.881720430107524,7.253036999999997,64.12916499999999,-102.785904,-10.371011,10.433332,8.0,16.0,3.663793,9.186602599999999,94.0,0.2712557405405406,-17.7802921,177.42837678,93,0.6643835616438356,0.4794520547945205,0.6986301369863014,0.3493150684931507,0.75,0.7636986301369864,0.1780821917808219,0.684931506849315,0.541095890410959,0.8424657534246576,58.29,pci_only_reuse_caution,53,64.38,False,MEDIUM
184.0,1189,17,17.156584,2.9274224000000006,22.49108182236333,30.193439865433135,37.00588730025231,21.362489486963835,28.7396795,74.73680885000002,-82.26199,-9.691005,19.551723,12.0,23.0,4.3137255,8.604409799999999,56.0,0.300405796875,-17.6033891,177.45328672,1189,0.8904109589041096,0.7876712328767124,0.8767123287671232,0.821917808219178,0.1506849315068493,0.0958904109589041,0.2808219178082192,0.0547945205479452,0.3082191780821918,0.07534246575342465,58.12,pci_only_reuse_caution,54,63.7,False,HIGH
488.0,162,10,31.183180999999998,1.3189824,37.63839324074012,16.666666666666664,23.456790123456788,17.901234567901234,1.8965200000000024,34.36939429999999,-105.3084025,-9.8145865,11.0997515,10.0,17.0,6.4887108,12.2362891,89.0,0.3231382960635255,-17.69160745,177.4197973,162,0.6986301369863014,0.9041095890410958,0.5547945205479452,0.14383561643835616,0.3732876712328767,0.6746575342465754,0.4726027397260274,0.5684931506849316,0.363013698630137,0.8972602739726028,57.48,pci_only_reuse_caution,55,63.01,False,HIGH
393.0,275,15,34.215286,1.3843616,35.68965832909091,21.454545454545453,28.363636363636363,20.363636363636363,15.771896000000002,79.82735799999999,-100.46371,-9.797979,13.656989,10.0,18.0,4.1608877,10.130052,81.0,0.3810984020618557,-17.8025095,177.43117803,275,0.6301369863013698,0.8904109589041096,0.7191780821917808,0.541095890410959,0.3732876712328767,0.5753424657534246,0.2534246575342466,0.3698630136986301,0.3561643835616438,0.7465753424657534,57.21,pci_only_reuse_caution,56,62.33,False,HIGH
133.0,164,4,28.6251805,4.382761599999999,30.417632835365854,26.82926829268293,37.19512195121951,26.21951219512195,18.647260250000002,62.920646500000025,-100.67497750000001,-9.7429265,15.785322,10.0,19.0,3.0279520499999997,6.826840440000001,90.0,0.25414609293394774,-17.78460001,177.42022187499998,164,0.7328767123287672,0.7328767123287672,0.8904109589041096,0.6027397260273972,0.3732876712328767,0.4520547945205479,0.08904109589041095,0.2328767123287671,0.3287671232876712,0.7602739726027398,57.19,pci_only_reuse_caution,57,61.64,False,HIGH
166.0,181,8,24.290447,10.466104,27.50247578729282,13.812154696132598,18.784530386740332,12.154696132596685,2.201660000000002,16.0404285,-103.35833,-10.71149,9.912793,8.0,15.0,3.53045,9.481216,94.0,0.2542252755905512,-17.6464579,177.44863549,181,0.8082191780821918,0.4178082191780822,0.3972602739726027,0.1643835616438356,0.75,0.821917808219178,0.14383561643835616,0.7328767123287672,0.6164383561643836,0.8698630136986302,56.14,pci_only_reuse_caution,58,60.96,False,HIGH
131.0,91,7,36.95916,17.45732,38.8156476810989,5.4945054945054945,13.186813186813188,13.186813186813188,13.6156225,48.42083050000001,-95.364365,-11.596591,8.98854,8.0,15.0,8.381318,17.341356,134.0,0.2597447573529412,-17.7772312,177.43128358,91,0.5821917808219178,0.22602739726027396,0.21232876712328766,0.5,0.75,0.821917808219178,0.7328767123287672,0.8013698630136986,0.7808219178082192,0.5136986301369864,55.39,pci_only_reuse_caution,59,60.27,False,MEDIUM
356.0,148,4,42.742845,11.691316,48.50270702635135,10.135135135135135,29.054054054054053,29.054054054054053,42.298867,75.004072,-86.72208,-9.783014,12.3161445,9.0,19.0,5.9731403499999995,10.770835100000003,148.0,0.3021577470891392,-17.6367416,177.427058805,148,0.5068493150684932,0.363013698630137,0.7602739726027398,0.9315068493150684,0.5513698630136986,0.4520547945205479,0.4246575342465753,0.4863013698630137,0.3424657534246575,0.1643835616438356,54.22,pci_only_reuse_caution,60,59.59,False,HIGH
123.0,374,7,40.872820000000004,1.0060352000000012,42.71423213868984,20.053475935828878,27.807486631016044,23.796791443850267,29.497505875,86.08316045000001,-96.822092,-9.42296,15.147496499999999,10.0,23.0,6.2910804,13.497589199999997,86.0,0.44815025951825954,-17.76949527,177.44018496,374,0.5273972602739726,0.910958904109589,0.684931506849315,0.8356164383561644,0.3732876712328767,0.0958904109589041,0.4589041095890411,0.3013698630136986,0.15753424657534246,0.5821917808219178,54.07,pci_only_reuse_caution,61,58.9,False,HIGH
114.0,66,4,77.419795,7.999428,80.73283349242425,12.121212121212121,28.78787878787879,27.27272727272727,33.330828,128.718592,-67.542172,-13.413433,16.0323915,10.0,17.0,12.098089,14.8620075,138.5,0.4420077541580304,-17.753786714999997,177.450909215,66,0.2054794520547945,0.5205479452054794,0.7397260273972602,0.8767123287671232,0.3732876712328767,0.6746575342465754,0.9931506849315068,0.2191780821917808,0.910958904109589,0.00684931506849315,53.8,pci_only_reuse_caution,62,58.22,False,MEDIUM
448.0,247,5,44.262703,2.0334656000000004,37.64754398582996,16.599190283400812,21.86234817813765,15.384615384615385,16.253876,61.9458128,-99.32617,-11.185156,9.000001,10.0,19.0,4.481434,9.638943600000001,176.0,0.24702769633507854,-17.7571166,177.4573056,247,0.4863013698630137,0.8424657534246576,0.4931506849315068,0.547945205479452,0.3732876712328767,0.4520547945205479,0.2945205479452055,0.7945205479452054,0.726027397260274,0.684931506849315,53.49,pci_only_reuse_caution,63,57.53,False,HIGH
312.0,52,3,68.73455,8.656452000000005,69.01687238461538,11.538461538461538,25.0,21.153846153846153,14.1137875,101.39688349999997,-98.116762,-15.3796985,11.629622000000001,7.0,19.0,7.81723,10.923247,181.5,0.37926481594973793,-17.632471549999998,177.43052254999998,52,0.273972602739726,0.5,0.6232876712328768,0.5205479452054794,0.9006849315068494,0.4520547945205479,0.5821917808219178,0.541095890410959,0.9794520547945206,0.6232876712328768,53.01,pci_only_reuse_caution,64,56.85,False,MEDIUM
253.0,304,6,43.277224000000004,11.207692,51.26544683355263,10.526315789473683,16.11842105263158,15.131578947368421,19.34291,64.56098497500001,-96.4509475,-12.8907065,11.0194145,8.0,20.0,8.4335275,11.4403431,93.0,0.4980050644609815,-17.618088045,177.46559496499998,304,0.4931506849315068,0.3904109589041096,0.2876712328767123,0.6164383561643836,0.75,0.339041095890411,0.7465753424657534,0.589041095890411,0.8835616438356164,0.5684931506849316,52.8,pci_only_reuse_caution,65,56.16,False,HIGH
362.0,142,5,42.485749,10.8065312,45.71425023943662,10.56338028169014,21.830985915492956,19.718309859154928,7.208168749999999,33.68653425000001,-102.22971000000001,-10.4296665,9.618333,8.0,15.0,4.5378213,10.117332000000001,177.5,0.2687094914383087,-17.7962281,177.41723967000001,142,0.5136986301369864,0.4041095890410959,0.4794520547945205,0.3424657534246575,0.75,0.821917808219178,0.3013698630136986,0.7465753424657534,0.5547945205479452,0.815068493150685,52.77,pci_only_reuse_caution,66,55.48,False,HIGH
318.0,141,2,45.986847,5.0904,56.63993286999858,17.73049645390071,18.439716312056735,7.801418439716312,2.7557465000000008,26.914139499999997,-88.15991,-9.440217,11.470972,7.0,14.0,7.755582,11.488251,81.0,0.4264365573770492,-17.6805605,177.3950714,141,0.4657534246575342,0.678082191780822,0.3835616438356164,0.1780821917808219,0.9006849315068494,0.8664383561643836,0.5616438356164384,0.547945205479452,0.1780821917808219,0.19863013698630136,52.5,pci_only_reuse_caution,67,54.79,False,MEDIUM
361.0,33,2,28.813848,11.1253024,33.74569136363637,9.090909090909092,24.242424242424242,18.181818181818183,30.503978500000002,51.50064450000001,-97.06383,-9.925595,15.435227,11.0,20.0,5.498282,10.9300238,161.0,0.30957875287356323,-17.78812807,177.4158185,33,0.726027397260274,0.3972602739726027,0.589041095890411,0.8424657534246576,0.22945205479452055,0.339041095890411,0.3904109589041096,0.2602739726027397,0.3904109589041096,0.5958904109589042,52.23,pci_only_reuse_caution,68,54.11,False,LOW
145.0,291,6,31.18596,12.65536,37.70421442268041,9.621993127147768,16.83848797250859,12.714776632302405,6.133712000000003,36.63404150000001,-108.08203,-10.576389,11.046316,9.0,14.0,4.844961,8.095855,92.0,0.3184425714285714,-17.8159709,177.3955939,291,0.6917808219178082,0.3356164383561644,0.3287671232876712,0.2808219178082192,0.5513698630136986,0.8664383561643836,0.3356164383561644,0.5821917808219178,0.5753424657534246,0.9657534246575342,51.93,pci_only_reuse_caution,69,53.42,False,HIGH
16.0,34,1,37.165595,7.196551200000001,38.70362497058824,14.705882352941178,35.294117647058826,35.294117647058826,49.010555124999996,76.885193375,-92.064065,-9.2576535,14.767222,10.0,21.5,3.4400684999999998,6.68261099,175.5,0.22339768631578946,-17.644443885,177.433605715,34,0.5753424657534246,0.5753424657534246,0.8424657534246576,0.9794520547945206,0.3732876712328767,0.2191780821917808,0.13013698630136986,0.3082191780821918,0.1095890410958904,0.363013698630137,51.84,pci_only_reuse_caution,70,52.74,False,LOW
321.0,72,5,40.562896,7.519000800000001,44.226640430555555,13.88888888888889,25.0,25.0,3.092544250000003,57.150773099999995,-98.700377,-10.028043499999999,11.1280155,10.0,18.5,8.284143,11.5216369,129.0,0.33908053656597775,-17.780754195,177.426984765,72,0.5342465753424658,0.5616438356164384,0.6232876712328768,0.19863013698630136,0.3732876712328767,0.5205479452054794,0.726027397260274,0.5616438356164384,0.4520547945205479,0.636986301369863,51.79,pci_only_reuse_caution,71,52.05,False,MEDIUM
159.0,144,4,30.6969245,12.5942904,37.09954462152778,8.333333333333332,16.666666666666664,15.277777777777779,44.851097,73.10156800000003,-96.19219,-9.1803405,12.4149295,10.0,19.0,5.90188425,11.531104200000001,121.5,0.30198035436810855,-17.65220305,177.40725039,144,0.7054794520547946,0.3424657534246575,0.3116438356164384,0.9452054794520548,0.3732876712328767,0.4520547945205479,0.410958904109589,0.4657534246575342,0.0684931506849315,0.5342465753424658,50.85,pci_only_reuse_caution,72,51.37,False,HIGH
129.0,282,6,47.904664,14.842644,48.325647207446806,6.73758865248227,16.666666666666664,16.666666666666664,9.8271385,44.45425720000001,-98.84255,-10.89042775,10.655951,8.0,17.0,8.229401,12.425296800000002,160.0,0.36069364468864473,-17.7764827,177.43217883,282,0.4383561643835616,0.2808219178082192,0.3116438356164384,0.4383561643835616,0.75,0.6746575342465754,0.7191780821917808,0.636986301369863,0.6506849315068494,0.6575342465753424,50.59,pci_only_reuse_caution,73,50.68,False,HIGH
351.0,411,11,49.227745,5.792968,47.26940261800487,12.895377128953772,17.51824817518248,11.435523114355231,24.5274925,73.211965,-93.453125,-9.587629,12.83678,9.0,19.0,8.056581,11.860465,116.0,0.39659825581395347,-17.8160387,177.395537,411,0.4246575342465753,0.6301369863013698,0.363013698630137,0.7191780821917808,0.5513698630136986,0.4520547945205479,0.6438356164383562,0.4246575342465753,0.2671232876712329,0.4383561643835616,50.15,pci_only_reuse_caution,74,50.0,False,HIGH
110.0,209,6,32.21953,8.6921087,32.87788321052631,15.311004784688995,20.095693779904305,14.832535885167463,6.0219150000000035,20.43239365,-102.59677,-10.67217,10.778641,9.0,19.0,3.5580525,8.704164200000001,94.0,0.33494074999999995,-17.7627502,177.4683119,209,0.678082191780822,0.4931506849315068,0.4452054794520548,0.273972602739726,0.5513698630136986,0.4520547945205479,0.1643835616438356,0.6232876712328768,0.5958904109589042,0.8356164383561644,49.97,pci_only_reuse_caution,75,49.32,False,HIGH
354.0,267,8,47.21909,9.8873952,52.22282600749063,11.985018726591761,19.101123595505616,16.10486891385768,11.344161999999997,43.178289200000016,-96.37708,-10.135417,11.001109,8.0,16.0,3.7662337,7.7089097,174.0,0.3032046688741722,-17.6283796,177.4334586,267,0.4520547945205479,0.4520547945205479,0.410958904109589,0.4520547945205479,0.75,0.7636986301369864,0.1917808219178082,0.5958904109589042,0.4931506849315068,0.5547945205479452,48.77,pci_only_reuse_caution,76,48.63,False,HIGH
183.0,962,18,27.43418,6.065528000000002,32.90795351140333,17.56756756756757,27.33887733887734,22.14137214137214,11.67849425,38.30496945,-81.37566,-10.200374,15.186407500000001,13.0,20.0,3.5921979,7.632031799999999,74.0,0.37886054958677684,-17.604750365,177.4530004,962,0.7465753424657534,0.6164383561643836,0.678082191780822,0.4726027397260274,0.07876712328767123,0.339041095890411,0.17123287671232876,0.2945205479452055,0.5136986301369864,0.06164383561643835,48.76,pci_only_reuse_caution,77,47.95,False,HIGH
139.0,520,14,42.974512000000004,7.898117600000002,47.19201386884615,12.307692307692308,23.46153846153846,19.615384615384617,26.543343500000002,67.90758828000001,-89.70994999999999,-10.602393,11.0589165,10.0,19.0,3.43280685,7.717255900000002,165.5,0.28562370190868264,-17.605268950000003,177.45072786,520,0.5,0.5273972602739726,0.5616438356164384,0.7671232876712328,0.3732876712328767,0.4520547945205479,0.1232876712328767,0.5753424657534246,0.589041095890411,0.2602739726027397,48.71,pci_only_reuse_caution,78,47.26,False,HIGH
137.0,136,5,38.484251,4.948040000000001,42.23466628676471,15.441176470588236,23.52941176470588,22.058823529411764,30.842834000000003,79.57831325,-100.03208000000001,-9.57139375,14.6832945,12.0,19.5,3.3959646,9.24859,130.5,0.34583543897595537,-17.77937069,177.41203229,136,0.547945205479452,0.6986301369863014,0.5684931506849316,0.8493150684931506,0.1506849315068493,0.386986301369863,0.1095890410958904,0.3150684931506849,0.2465753424657534,0.7397260273972602,48.02,pci_only_reuse_caution,79,46.58,False,HIGH
80.0,102,3,64.28174,13.0656712,72.20982683333332,6.862745098039216,22.54901960784314,22.54901960784314,8.033582,49.89677900000003,-99.376822,-10.405787,10.577436500000001,8.0,18.0,7.382181,10.854167100000002,179.0,0.3995797082043344,-17.77578505,177.4883083,102,0.3219178082191781,0.3287671232876712,0.5205479452054794,0.3767123287671233,0.75,0.5753424657534246,0.5205479452054794,0.6575342465753424,0.547945205479452,0.6986301369863014,47.37,pci_only_reuse_caution,80,45.89,False,HIGH
455.0,247,4,25.048632,5.5643184,35.64797966437247,19.02834008097166,22.672064777327936,14.979757085020243,74.24990700000001,123.2251096,-82.33594,-8.955704,23.819317,14.0,26.0,3.929024,13.4188126,72.0,0.406694345323741,-17.6737286,177.4085893,247,0.7876712328767124,0.6643835616438356,0.5273972602739726,1.0,0.017123287671232876,0.00684931506849315,0.21232876712328766,0.00684931506849315,0.03424657534246575,0.0821917808219178,47.21,pci_only_reuse_caution,81,45.21,False,HIGH
50.0,259,9,44.75304,13.4699984,45.94750431660232,7.722007722007722,19.69111969111969,18.146718146718147,28.014267000000004,60.08449200000001,-92.33088,-10.023196,12.525557,9.0,19.0,4.913295,13.242181500000001,178.0,0.26349159585492227,-17.7478206,177.45495944,259,0.4794520547945205,0.3150684931506849,0.4178082191780822,0.7876712328767124,0.5513698630136986,0.4520547945205479,0.3424657534246575,0.4520547945205479,0.4452054794520548,0.3835616438356164,46.89,pci_only_reuse_caution,82,44.52,False,HIGH
333.0,131,3,58.40988,9.653584,57.43307712977099,10.687022900763358,18.3206106870229,10.687022900763358,6.594615750000003,55.78923249999998,-102.80813,-10.136364,12.226596,8.0,19.0,7.926024,11.904762,161.0,0.36079908724832216,-17.7803934,177.4885343,131,0.3767123287671233,0.4589041095890411,0.3767123287671233,0.3013698630136986,0.75,0.4520547945205479,0.6164383561643836,0.5,0.5,0.8493150684931506,46.82,pci_only_reuse_caution,83,43.84,False,HIGH
349.0,35,4,48.726753,16.110625600000002,54.06405952857143,11.428571428571429,20.0,17.142857142857142,27.610256,51.957458,-82.7957,-10.476191,17.609196,9.0,17.0,6.337136,11.169836600000002,170.0,0.358560773480663,-17.7621175,177.4480171,35,0.4315068493150685,0.2602739726027397,0.4383561643835616,0.773972602739726,0.5513698630136986,0.6746575342465754,0.4657534246575342,0.14383561643835616,0.5616438356164384,0.0958904109589041,46.22,pci_only_reuse_caution,84,43.15,False,LOW
164.0,59,1,56.97992,23.4020712,55.53137172881355,1.694915254237288,8.47457627118644,8.47457627118644,22.075674499999998,52.38829900000001,-90.78156,-9.926747,10.24203,8.0,18.0,8.0900755,11.453535,170.0,0.34061822485207105,-17.65393237,177.44088605,59,0.3972602739726027,0.15753424657534246,0.13013698630136986,0.678082191780822,0.75,0.5753424657534246,0.6575342465753424,0.7054794520547946,0.3972602739726027,0.3219178082191781,45.44,pci_only_reuse_caution,85,42.47,False,LOW
313.0,206,5,81.13864000000001,5.053512,86.85769630824757,12.62135922330097,23.300970873786408,22.330097087378643,-1.2409719999999993,90.72654800000001,-84.354143,-12.2704105,15.247366,8.0,19.0,8.5974075,11.4102475,166.0,0.6021227218480353,-17.6309205,177.44248145,206,0.1917808219178082,0.6917808219178082,0.547945205479452,0.08904109589041095,0.75,0.4520547945205479,0.7876712328767124,0.2876712328767123,0.821917808219178,0.1232876712328767,45.36,pci_only_reuse_caution,86,41.78,False,HIGH
254.0,369,7,69.3494,7.702726400000004,70.2462379959309,12.195121951219512,22.22222222222222,18.97018970189702,11.992423000000002,92.87267084999999,-88.24171,-12.180894,14.352002,9.0,20.0,8.1081085,11.2754292,134.0,0.5131164711538462,-17.627197,177.4653178,369,0.2602739726027397,0.5547945205479452,0.5068493150684932,0.4794520547945205,0.5513698630136986,0.339041095890411,0.6712328767123288,0.3356164383561644,0.815068493150685,0.21232876712328766,45.18,pci_only_reuse_caution,87,41.1,False,HIGH
185.0,214,16,33.8565265,10.4361832,38.73444502102804,11.682242990654206,24.766355140186917,19.158878504672895,8.919543,43.154881750000015,-88.3451125,-9.9854085,14.3043575,11.0,18.0,2.84832455,6.165842100000001,93.0,0.35283140200025565,-17.603828264999997,177.45107295,214,0.636986301369863,0.4246575342465753,0.6095890410958904,0.4041095890410959,0.22945205479452055,0.5753424657534246,0.0410958904109589,0.3493150684931507,0.4246575342465753,0.2191780821917808,44.53,pci_only_reuse_caution,88,40.41,False,HIGH
288.0,150,3,37.944207500000005,14.887824799999999,39.266264566000004,10.666666666666668,16.666666666666664,15.333333333333332,-7.634030000000001,23.437453699999992,-105.619983,-11.259350999999999,7.32931225,10.0,16.0,4.3102553,7.43472111,96.0,0.32838315631742987,-17.8159711,177.3955937,150,0.5616438356164384,0.273972602739726,0.3116438356164384,0.04794520547945205,0.3732876712328767,0.7636986301369864,0.273972602739726,0.863013698630137,0.7397260273972602,0.9178082191780822,44.41,pci_only_reuse_caution,89,39.73,False,HIGH
127.0,112,6,56.1152,0.3235184000000003,52.84348663392858,22.321428571428573,29.464285714285715,29.464285714285715,21.853941374999998,72.33818330000001,-95.882535,-9.1814725,17.2610715,13.0,21.0,2.92177555,10.455262300000005,148.0,0.37530331124874455,-17.783012665,177.44763811,112,0.4041095890410959,0.9657534246575342,0.7671232876712328,0.6712328767123288,0.07876712328767123,0.2602739726027397,0.07534246575342465,0.17123287671232876,0.07534246575342465,0.5205479452054794,44.37,pci_only_reuse_caution,90,39.04,False,HIGH
122.0,256,9,61.119797000000005,8.5091,70.29402719140624,12.5,24.609375,23.046875,20.475565499999995,94.5168825,-82.938458,-9.2025285,15.434989999999999,11.0,22.0,8.984999,13.593815,108.5,0.6504301174412793,-17.746776215,177.44406415499998,256,0.3561643835616438,0.5068493150684932,0.6027397260273972,0.6506849315068494,0.22945205479452055,0.17123287671232876,0.821917808219178,0.2671232876712329,0.0821917808219178,0.10273972602739725,43.35,pci_only_reuse_caution,91,38.36,False,HIGH
470.0,306,4,34.5315315,11.349744000000001,43.4377747875817,10.130718954248366,17.320261437908496,14.37908496732026,13.90826875,48.58993650000001,-100.0230375,-9.511663500000001,13.417375,11.0,19.0,4.57162975,12.586969,120.5,0.30659663664861786,-17.805105935,177.451442455,306,0.6095890410958904,0.3835616438356164,0.3561643835616438,0.5136986301369864,0.22945205479452055,0.4520547945205479,0.3150684931506849,0.3835616438356164,0.22602739726027396,0.7328767123287672,43.34,pci_only_reuse_caution,92,37.67,False,HIGH
115.0,182,4,96.5947925,13.721266400000003,93.59899935714286,7.6923076923076925,19.78021978021978,19.78021978021978,25.19006300000001,114.1497245,-74.557993,-13.549349,15.702606,10.0,17.0,13.515783,15.0720941,161.0,0.5930186237753379,-17.75350706,177.45393339999998,182,0.10273972602739725,0.3013698630136986,0.4246575342465753,0.7328767123287672,0.3732876712328767,0.6746575342465754,1.0,0.23972602739726026,0.9246575342465754,0.02054794520547945,43.34,pci_only_reuse_caution,93,36.99,False,HIGH
346.0,358,8,41.715708,18.3982041,60.98685591256983,3.6312849162011176,7.82122905027933,6.983240223463687,7.067523999999992,28.3366867,-96.945855,-12.280648,5.62546255,10.0,18.0,6.534883000000001,9.705682000000001,175.5,0.24368192505494507,-17.62767355,177.43280641,358,0.5205479452054794,0.21232876712328766,0.10273972602739725,0.3219178082191781,0.3732876712328767,0.5753424657534246,0.4794520547945205,0.9315068493150684,0.8287671232876712,0.589041095890411,43.33,pci_only_reuse_caution,94,36.3,False,HIGH
108.0,136,2,38.253191,9.633408,38.959558652205885,11.029411764705882,13.23529411764706,9.558823529411764,3.653727749999998,29.518798750000002,-106.6587925,-9.7961355,12.347585,10.0,19.0,5.890488400000001,11.276984500000001,92.0,0.40102083511178865,-17.7635651,177.4857563,136,0.5547945205479452,0.4657534246575342,0.2191780821917808,0.2054794520547945,0.3732876712328767,0.4520547945205479,0.4041095890410959,0.4726027397260274,0.3493150684931507,0.9383561643835616,41.86,pci_only_reuse_caution,95,35.62,False,MEDIUM
431.0,110,3,37.576836,11.452809600000002,59.29632872727273,10.0,19.090909090909093,19.090909090909093,20.377175375,79.08954020000007,-97.44971000000001,-9.4232515,16.042596,11.0,22.0,6.1519809,11.072875100000001,95.0,0.39636986781609196,-17.79044775,177.44194829,110,0.5684931506849316,0.3767123287671233,0.4041095890410959,0.636986301369863,0.22945205479452055,0.17123287671232876,0.4452054794520548,0.21232876712328766,0.1643835616438356,0.6027397260273972,41.61,pci_only_reuse_caution,96,34.93,False,HIGH
310.0,90,6,97.024975,15.0030432,93.72223754444444,6.666666666666667,16.666666666666664,15.555555555555555,-9.955404999999999,81.93412300000008,-96.45083500000001,-12.73377125,6.2165937499999995,8.0,18.0,9.51858275,12.410021500000001,183.0,0.5518545159456314,-17.7123249,177.43861679999998,90,0.0958904109589041,0.2671232876712329,0.3116438356164384,0.0410958904109589,0.75,0.5753424657534246,0.8904109589041096,0.910958904109589,0.8767123287671232,0.5616438356164384,41.17,pci_only_reuse_caution,97,34.25,False,MEDIUM
454.0,239,4,69.60971,17.0421074,73.26279960041003,9.623430962343097,16.317991631799163,13.807531380753138,10.273719999999997,54.82067620000001,-89.59016,-9.889375,10.385392,9.0,17.0,7.909292,12.1809022,173.0,0.399175380116959,-17.6776833,177.4073443,239,0.2534246575342466,0.2328767123287671,0.2945205479452055,0.4452054794520548,0.5513698630136986,0.6746575342465754,0.6095890410958904,0.6917808219178082,0.3767123287671233,0.2534246575342466,40.58,pci_only_reuse_caution,98,33.56,False,HIGH
81.0,117,2,33.64961,11.5431472,34.02663269487179,9.401709401709402,17.094017094017094,12.82051282051282,5.633328999999996,36.15636000000002,-102.92457,-8.711397,15.281608,9.0,21.0,3.3393502,8.435311,94.0,0.34242298969072166,-17.77852003,177.48238025,117,0.6438356164383562,0.3698630136986301,0.3493150684931507,0.2534246575342466,0.5513698630136986,0.2602739726027397,0.10273972602739725,0.2808219178082192,0.0136986301369863,0.8561643835616438,39.68,pci_only_reuse_caution,99,32.88,False,MEDIUM
128.0,69,2,69.21606,0.3721248000000001,63.26763692753624,21.73913043478261,28.985507246376812,28.985507246376812,25.37646124999999,110.40128845,-88.1875,-9.448684,19.47527,13.0,23.0,2.915952,6.2738853400000005,144.0,0.49374395683453237,-17.77475416,177.45560295,69,0.2671232876712329,0.958904109589041,0.7534246575342466,0.7465753424657534,0.07876712328767123,0.0958904109589041,0.06164383561643835,0.06164383561643835,0.2054794520547945,0.2054794520547945,39.22,pci_only_reuse_caution,100,32.19,False,MEDIUM
124.0,511,8,60.541183,7.775408,60.95489123241878,11.937377690802348,20.54794520547945,20.352250489236788,29.2023,78.6284605,-88.54625,-9.443453,16.069468,11.0,24.0,5.0993376,10.0,121.0,0.5603700641025642,-17.7665226,177.44771125,511,0.363013698630137,0.5342465753424658,0.4589041095890411,0.8287671232876712,0.22945205479452055,0.04452054794520548,0.363013698630137,0.2054794520547945,0.1917808219178082,0.22602739726027396,38.47,pci_only_reuse_caution,101,31.51,False,HIGH
309.0,47,5,69.76714,7.775017600000001,68.08688468085106,12.76595744680851,14.893617021276595,10.638297872340425,21.73900825,72.209779,-93.31031,-9.297832,15.294681,11.0,21.0,9.044369,12.3810786,132.0,0.5663889484536083,-17.80034195,177.42062636,47,0.2465753424657534,0.541095890410959,0.2602739726027397,0.6643835616438356,0.22945205479452055,0.2602739726027397,0.8356164383561644,0.273972602739726,0.11643835616438356,0.4246575342465753,38.38,pci_only_reuse_caution,102,30.82,False,LOW
187.0,232,5,61.422577000000004,27.7036656,69.26455896120689,1.293103448275862,6.0344827586206895,5.603448275862069,12.712955999999995,40.775138,-93.1201475,-10.2214815,10.5496315,9.0,20.0,8.081015,11.3910634,155.0,0.3879281025577409,-17.60347769,177.458703545,232,0.3493150684931507,0.1232876712328767,0.08904109589041095,0.4931506849315068,0.5513698630136986,0.339041095890411,0.6506849315068494,0.6643835616438356,0.5273972602739726,0.410958904109589,37.95,pci_only_reuse_caution,103,30.14,False,HIGH
255.0,157,4,67.112885,22.011814,70.02751277387262,3.821656050955414,10.191082802547772,8.280254777070063,4.0143640000000005,55.49902180000001,-92.84,-13.0494795,12.940911,7.0,20.0,7.735496,10.582901,135.0,0.5806547260273972,-17.6245846,177.4596957,157,0.2876712328767123,0.18493150684931506,0.17123287671232876,0.21232876712328766,0.9006849315068494,0.339041095890411,0.5547945205479452,0.410958904109589,0.8904109589041096,0.3972602739726027,37.85,pci_only_reuse_caution,104,29.45,False,HIGH
112.0,224,7,51.2505165,10.2343512,57.450549599553575,11.607142857142858,17.857142857142858,14.732142857142858,31.773317,61.55799800000001,-90.5121525,-9.404786000000001,19.085231,12.0,18.5,3.40284885,9.0493849,139.0,0.407602625984252,-17.7659455,177.470580385,224,0.410958904109589,0.4452054794520548,0.3698630136986301,0.8561643835616438,0.1506849315068493,0.5205479452054794,0.11643835616438356,0.07534246575342465,0.14383561643835616,0.3082191780821918,37.47,pci_only_reuse_caution,105,28.77,False,HIGH
153.0,212,5,136.24535,17.901163100000005,129.09787026415094,8.018867924528301,12.264150943396226,10.849056603773585,6.1788375,72.86685489999999,-105.5337925,-14.6339745,9.4055645,10.0,18.0,10.735344,12.0188938,221.0,0.6096789375288284,-17.77929447,177.38071685,212,0.02054794520547945,0.2191780821917808,0.19863013698630136,0.2876712328767123,0.3732876712328767,0.5753424657534246,0.9794520547945206,0.7602739726027398,0.9726027397260274,0.9041095890410958,36.99,pci_only_reuse_caution,106,28.08,False,HIGH
151.0,445,8,61.959503,5.0855744000000005,61.14011853460674,13.48314606741573,24.49438202247191,23.370786516853933,14.503841000000001,63.08627180000004,-101.62433,-9.448567,18.073034,13.0,23.0,3.820034,9.325266000000001,133.0,0.5045921052631579,-17.81160131,177.3998509,445,0.3356164383561644,0.684931506849315,0.5958904109589042,0.5273972602739726,0.07876712328767123,0.0958904109589041,0.19863013698630136,0.13013698630136986,0.19863013698630136,0.7945205479452054,36.34,pci_only_reuse_caution,107,27.4,False,HIGH
212.0,374,10,82.481315,21.18769200000001,90.45469111176472,5.080213903743315,9.358288770053475,8.55614973262032,-1.3111562499999927,38.72137361999999,-98.76591,-13.256267000000001,11.8887305,8.0,20.0,8.991422,11.0981334,145.0,0.5925452269430448,-17.762006,177.458741705,374,0.1780821917808219,0.19863013698630136,0.1506849315068493,0.0821917808219178,0.75,0.339041095890411,0.8287671232876712,0.5068493150684932,0.9041095890410958,0.6506849315068494,36.08,pci_only_reuse_caution,108,26.71,False,HIGH
180.0,64,4,59.1389525,10.420777600000001,57.84160159375,10.9375,21.875,18.75,26.004431500000006,102.139194575,-89.76145299999999,-9.4410125,15.627575499999999,13.0,21.0,3.6730043,10.564618300000001,164.5,0.4133222552544613,-17.61560695,177.44009545,64,0.3698630136986301,0.4315068493150685,0.5,0.7602739726027398,0.07876712328767123,0.2602739726027397,0.18493150684931506,0.2465753424657534,0.18493150684931506,0.2671232876712329,36.0,pci_only_reuse_caution,109,26.03,False,MEDIUM
163.0,314,10,61.688228499999994,7.155064800000001,66.40045011592356,11.464968152866243,23.56687898089172,21.97452229299363,28.6712475,94.40444249999999,-89.89190500000001,-9.0633225,18.541561,13.0,23.0,2.9194245,6.7430885,161.0,0.4074562049668165,-17.648914830000002,177.444265675,314,0.3424657534246575,0.5821917808219178,0.5753424657534246,0.815068493150685,0.07876712328767123,0.0958904109589041,0.0684931506849315,0.0958904109589041,0.0410958904109589,0.2808219178082192,34.72,pci_only_reuse_caution,110,25.34,False,HIGH
495.0,262,3,58.116355999999996,16.8939208,74.86424633206107,9.16030534351145,11.068702290076336,6.106870229007633,20.711033999999998,73.13739040000003,-96.321563,-9.4307595,17.192932,11.0,23.0,8.0993695,11.6801409,145.5,0.46785093976348857,-17.598457145,177.49676159,262,0.3835616438356164,0.23972602739726026,0.1780821917808219,0.6575342465753424,0.22945205479452055,0.0958904109589041,0.6643835616438356,0.1780821917808219,0.17123287671232876,0.547945205479452,33.91,pci_only_reuse_caution,111,24.66,False,HIGH
273.0,154,5,83.1224825,32.4016513,83.04801913506493,4.545454545454546,8.441558441558442,7.792207792207792,-13.372737500000003,43.587082775,-82.74622,-13.48117,9.0503485,8.0,21.0,9.075896,11.1134611,166.0,0.5488008553222907,-17.62928475,177.45947765,154,0.17123287671232876,0.0958904109589041,0.1232876712328767,0.02054794520547945,0.75,0.2602739726027397,0.8493150684931506,0.7876712328767124,0.9178082191780822,0.08904109589041095,33.89,pci_only_reuse_caution,112,23.97,False,HIGH
394.0,564,17,64.33892,5.712744800000001,66.11627044856384,12.23404255319149,23.04964539007092,20.74468085106383,17.19078975,83.565127,-93.51728,-9.318688,18.0863985,12.0,22.0,2.70713115,8.26434855,171.5,0.4097239867875341,-17.7780778,177.430127605,564,0.3150684931506849,0.636986301369863,0.5342465753424658,0.5684931506849316,0.1506849315068493,0.17123287671232876,0.0273972602739726,0.1232876712328767,0.1232876712328767,0.4452054794520548,33.42,pci_only_reuse_caution,113,23.29,False,HIGH
135.0,181,6,75.6142,2.422168,76.29860976243094,16.022099447513813,30.939226519337016,30.939226519337016,17.60450250000001,108.397598,-93.28125,-8.932065,21.933332,14.0,24.0,2.7420738,9.640924,153.0,0.48585357377049176,-17.7735735,177.4074405,181,0.21232876712328766,0.8082191780821918,0.7876712328767124,0.5753424657534246,0.017123287671232876,0.04452054794520548,0.03424657534246575,0.0273972602739726,0.02054794520547945,0.4178082191780822,32.95,pci_only_reuse_caution,114,22.6,False,HIGH
116.0,111,5,66.21941,36.263313,67.93476957657658,1.8018018018018018,8.108108108108109,8.108108108108109,-5.604242999999997,46.337714999999974,-96.184555,-18.977005,7.5821066,5.0,21.0,0.6443299,10.638298,178.0,0.3884328181818182,-17.7594612,177.4534925,111,0.3013698630136986,0.0821917808219178,0.1095890410958904,0.0547945205479452,1.0,0.2602739726027397,0.0136986301369863,0.8561643835616438,1.0,0.5273972602739726,32.9,pci_only_reuse_caution,115,21.92,False,HIGH
178.0,65,4,70.50664,16.856944000000002,69.8609226,3.076923076923077,15.384615384615385,15.384615384615385,7.142814999999999,55.2549836,-91.953125,-9.376913,13.210525,10.0,16.0,4.935225,9.047394,184.0,0.3824386458333333,-17.61872789,177.4733998,65,0.23972602739726026,0.2465753424657534,0.2808219178082192,0.3287671232876712,0.3732876712328767,0.7636986301369864,0.3493150684931507,0.3972602739726027,0.136986301369863,0.3561643835616438,32.87,pci_only_reuse_caution,116,21.23,False,MEDIUM
233.0,100,2,96.07225,47.921038300000006,96.91409712000001,1.0,5.0,5.0,40.3181525,117.80930029999999,-84.175532,-13.928272,16.889832499999997,11.5,22.0,10.592856999999999,12.354484800000002,123.5,0.8177553353873239,-17.61425055,177.456478015,100,0.1095890410958904,0.06164383561643835,0.0547945205479452,0.9246575342465754,0.1780821917808219,0.17123287671232876,0.958904109589041,0.18493150684931506,0.9452054794520548,0.11643835616438356,31.3,pci_only_reuse_caution,117,20.55,False,MEDIUM
111.0,189,7,57.13392,22.4970736,61.297080349206354,3.7037037037037033,16.93121693121693,16.93121693121693,34.024803,71.52706900000001,-86.15972,-9.150773,19.635487,13.0,22.0,2.913753,5.52589576,153.0,0.38712304093567257,-17.7672439,177.47619547,189,0.3904109589041096,0.17123287671232876,0.3356164383561644,0.8835616438356164,0.07876712328767123,0.17123287671232876,0.0547945205479452,0.0410958904109589,0.06164383561643835,0.1506849315068493,28.51,pci_only_reuse_caution,118,19.86,False,HIGH
399.0,42,1,92.29587000000001,67.1111445,90.49982159523809,0.0,0.0,0.0,8.765073999999998,37.53988249999999,-80.091985,-9.867837999999999,10.997856500000001,9.0,21.0,8.487632000000001,11.9290368,157.5,0.5967117941787942,-17.81554426,177.450760685,42,0.14383561643835616,0.0410958904109589,0.00684931506849315,0.3972602739726027,0.5513698630136986,0.2602739726027397,0.7534246575342466,0.6027397260273972,0.3698630136986301,0.0410958904109589,28.46,pci_only_reuse_caution,119,19.18,False,LOW
120.0,595,10,65.05003,13.443638400000001,67.72338698957984,8.235294117647058,14.453781512605044,12.605042016806722,23.250242750000005,70.0260633,-95.066536,-9.071349,18.388046,13.0,23.0,4.0023203,8.087442400000006,130.0,0.5219629054054055,-17.7436044,177.44193699,595,0.3082191780821918,0.3219178082191781,0.2534246575342466,0.6986301369863014,0.07876712328767123,0.0958904109589041,0.2328767123287671,0.10273972602739725,0.04794520547945205,0.4931506849315068,27.53,pci_only_reuse_caution,120,18.49,False,HIGH
144.0,514,9,62.336323500000006,18.7960032,64.15702518677043,7.003891050583658,11.284046692607005,10.116731517509727,8.155468874999999,44.50697355,-101.90263250000001,-9.7664215,14.604254000000001,12.0,20.0,3.3097035999999997,7.444097,150.0,0.4296003760504201,-17.8036479,177.41496106,514,0.3287671232876712,0.2054794520547945,0.18493150684931506,0.3835616438356164,0.1506849315068493,0.339041095890411,0.0958904109589041,0.3219178082191781,0.3356164383561644,0.8013698630136986,26.98,pci_only_reuse_caution,121,17.81,False,HIGH
378.0,41,1,93.94251,48.040783,119.55317978048781,0.0,4.878048780487805,4.878048780487805,-4.203689999999995,66.576085,-94.82375,-10.115979,15.453196,9.0,19.0,8.79816,10.749724,189.0,0.5101611931818182,-17.640763,177.45233573,41,0.1232876712328767,0.0547945205479452,0.04794520547945205,0.06164383561643835,0.5513698630136986,0.4520547945205479,0.8082191780821918,0.2534246575342466,0.4863013698630137,0.4863013698630137,26.63,pci_only_reuse_caution,122,17.12,False,LOW
401.0,70,2,120.94442,89.342505,120.06136254285715,0.0,1.4285714285714286,1.4285714285714286,-23.73116550000001,36.324103000000015,-80.63943800000001,-10.035281999999999,11.7413035,8.0,20.0,11.9711935,14.1271367,173.0,0.7076912450592885,-17.743938845,177.4418868,70,0.03424657534246575,0.0136986301369863,0.0136986301369863,0.00684931506849315,0.75,0.339041095890411,0.9863013698630136,0.5273972602739726,0.4589041095890411,0.04794520547945205,26.44,pci_only_reuse_caution,123,16.44,False,MEDIUM
143.0,136,4,66.487268,25.884479499999998,68.59573952941177,2.2058823529411766,7.352941176470589,7.352941176470589,-13.719744750000004,10.740912374999997,-92.13477499999999,-9.552543,13.214631,10.0,22.0,8.124762,10.8899925,112.5,0.6301088947582283,-17.801393685,177.41665849999998,136,0.2945205479452055,0.136986301369863,0.0958904109589041,0.0136986301369863,0.3732876712328767,0.17123287671232876,0.678082191780822,0.3904109589041096,0.2328767123287671,0.3698630136986301,26.29,pci_only_reuse_caution,124,15.75,False,HIGH
348.0,204,6,90.415267,21.699608,83.16805453921567,5.392156862745098,12.254901960784313,10.784313725490197,23.9086065,68.89558525000001,-90.734568,-9.648653,19.6151635,9.5,22.0,4.14561475,9.2815296,160.0,0.5556501509578544,-17.7615217,177.45365132,204,0.1506849315068493,0.1917808219178082,0.1917808219178082,0.7123287671232876,0.4657534246575342,0.17123287671232876,0.2465753424657534,0.04794520547945205,0.2945205479452055,0.3150684931506849,26.27,pci_only_reuse_caution,125,15.07,False,HIGH
49.0,63,3,47.581432,16.325699200000003,45.08525497619048,6.349206349206349,9.523809523809524,9.523809523809524,5.092859500000003,45.044513800000026,-85.59849,-9.493193,16.58152,10.0,24.0,2.8947368,7.039740999999999,97.0,0.3927642105263158,-17.74195943,177.45565126,63,0.4452054794520548,0.2534246575342466,0.1643835616438356,0.2328767123287671,0.3732876712328767,0.04452054794520548,0.04794520547945205,0.19863013698630136,0.2191780821917808,0.14383561643835616,25.56,pci_only_reuse_caution,126,14.38,False,MEDIUM
453.0,156,5,71.692895,14.736772,83.72515307051283,7.051282051282051,14.102564102564102,13.461538461538462,-1.7671947500000016,48.530705250000004,-95.166515,-9.2328255,14.467481750000001,11.0,22.0,7.177074449999999,14.2415695,166.0,0.43812654896496817,-17.686614194999997,177.41290785,156,0.22602739726027396,0.2876712328767123,0.2465753424657534,0.0684931506849315,0.22945205479452055,0.17123287671232876,0.5136986301369864,0.3287671232876712,0.08904109589041095,0.5068493150684932,25.14,pci_only_reuse_caution,127,13.7,False,HIGH
155.0,174,3,174.24656,114.01203749999999,169.9720473275862,0.5747126436781609,4.597701149425287,4.597701149425287,25.993287500000008,79.13566750000005,-86.78102000000001,-14.1236155,18.790774,13.0,22.0,10.618614,11.815818300000002,192.0,0.918607935505863,-17.773263025,177.38005279499998,174,0.0136986301369863,0.00684931506849315,0.0410958904109589,0.7534246575342466,0.07876712328767123,0.17123287671232876,0.9726027397260274,0.0821917808219178,0.952054794520548,0.17123287671232876,25.02,pci_only_reuse_caution,128,13.01,False,HIGH
319.0,169,3,119.20887,74.96919199999999,116.03734325443787,0.591715976331361,2.9585798816568047,2.9585798816568047,6.261245000000002,51.292821800000006,-86.5675,-9.651974,17.332605,8.0,20.0,8.520409,10.571970600000002,159.0,0.7754897633136095,-17.6815467,177.3877276,169,0.0410958904109589,0.0273972602739726,0.02054794520547945,0.2945205479452055,0.75,0.339041095890411,0.7602739726027398,0.1643835616438356,0.3013698630136986,0.15753424657534246,24.89,pci_only_reuse_caution,129,12.33,False,HIGH
314.0,47,1,99.439285,42.845300800000004,92.67371119148937,4.25531914893617,8.51063829787234,8.51063829787234,2.569596000000004,40.3152719,-90.288414,-12.623762,15.967782,10.0,23.0,9.068627,11.0457534,147.0,0.6753677611940299,-17.63191456,177.44730933,47,0.0821917808219178,0.07534246575342465,0.136986301369863,0.17123287671232876,0.3732876712328767,0.0958904109589041,0.8424657534246576,0.22602739726027396,0.863013698630137,0.2945205479452055,24.77,pci_only_reuse_caution,130,11.64,False,LOW
154.0,44,2,213.03302000000002,14.7023075,184.31405909090907,9.090909090909092,13.636363636363635,11.363636363636363,5.742562500000005,43.334524500000015,-76.2082,-13.580357,23.547881,14.0,22.0,10.46395975,12.4766131,209.0,1.0355421818181818,-17.773021165000003,177.38087124999998,44,0.00684931506849315,0.2945205479452055,0.22602739726027396,0.2671232876712329,0.017123287671232876,0.17123287671232876,0.9452054794520548,0.0136986301369863,0.9315068493150684,0.0273972602739726,24.17,pci_only_reuse_caution,131,10.96,False,LOW
315.0,183,5,77.93016,10.6608688,71.55515939890711,9.836065573770492,13.661202185792352,11.475409836065573,-0.46386150000000015,36.676767000000005,-97.58376,-9.554036,17.379787,11.0,21.0,4.1152263,9.798688400000001,163.0,0.5102370108695652,-17.70671863,177.44025196,183,0.19863013698630136,0.410958904109589,0.2328767123287671,0.10273972602739725,0.22945205479452055,0.2602739726027397,0.23972602739726026,0.15753424657534246,0.23972602739726026,0.6095890410958904,23.85,pci_only_reuse_caution,132,10.27,False,HIGH
347.0,134,5,81.14466,22.1759224,76.06068460447761,2.9850746268656714,5.970149253731343,5.970149253731343,7.810919500000004,40.49633640000001,-89.316487,-9.574938,12.4676125,11.0,21.0,4.61604565,8.376871300000001,168.5,0.4789748861383164,-17.621362984999998,177.43461825,134,0.18493150684931506,0.1780821917808219,0.0821917808219178,0.3561643835616438,0.22945205479452055,0.2602739726027397,0.3219178082191781,0.4589041095890411,0.2534246575342466,0.2465753424657534,23.25,pci_only_reuse_caution,133,9.59,False,HIGH
195.0,46,4,116.95651000000001,23.8777325,103.76407660869565,2.1739130434782608,15.217391304347828,15.217391304347828,-0.8168760000000042,45.746112999999994,-73.2625575,-9.967500000000001,12.318940999999999,10.5,21.0,7.64492085,11.452276000000001,186.0,0.6276898125243746,-17.6061433,177.45698985,46,0.04794520547945205,0.14383561643835616,0.273972602739726,0.0958904109589041,0.2808219178082192,0.2602739726027397,0.541095890410959,0.4794520547945205,0.4178082191780822,0.0136986301369863,22.32,pci_only_reuse_caution,134,8.9,False,LOW
430.0,84,3,72.66258,23.2569336,71.32557797619047,3.571428571428571,8.333333333333332,8.333333333333332,6.925096249999996,41.68616237500001,-88.837433,-9.4875495,12.925031,11.0,23.0,4.2105701,7.9966943,192.0,0.3776364756944445,-17.79610821,177.447250785,84,0.2191780821917808,0.1643835616438356,0.11643835616438356,0.3082191780821918,0.22945205479452055,0.0958904109589041,0.2602739726027397,0.4178082191780822,0.21232876712328766,0.2328767123287671,21.53,pci_only_reuse_caution,135,8.22,False,MEDIUM
274.0,53,2,109.381546,67.739221,106.54933043396225,0.0,5.660377358490567,5.660377358490567,-0.19761875000000373,41.639915600000016,-78.25547,-12.491357,17.984087,10.0,22.0,8.785047,10.7591949,138.0,0.8218479827586207,-17.6338244,177.459771,53,0.06164383561643835,0.03424657534246575,0.07534246575342465,0.1095890410958904,0.3732876712328767,0.17123287671232876,0.8013698630136986,0.136986301369863,0.8561643835616438,0.03424657534246575,21.46,pci_only_reuse_caution,136,7.53,False,MEDIUM
322.0,33,1,121.77553,26.729239800000002,103.39085103030303,9.090909090909092,21.21212121212121,21.21212121212121,7.171700000000001,102.38110920000001,-81.41024,-8.934451,19.2967,13.0,24.0,8.620689,12.6773228,163.0,0.7453686931818182,-17.78882408,177.42734299,33,0.0273972602739726,0.13013698630136986,0.4657534246575342,0.3356164383561644,0.07876712328767123,0.04452054794520548,0.7945205479452054,0.0684931506849315,0.0273972602739726,0.0684931506849315,21.4,pci_only_reuse_caution,137,6.85,False,LOW
197.0,114,3,95.68355,45.9323336,109.05834979824562,0.0,5.263157894736842,5.263157894736842,1.2818364999999936,44.564271999999995,-80.92119249999999,-9.72239,14.1628645,11.0,19.5,8.0398885,12.1750188,178.0,0.5747162384601676,-17.6057524,177.454702,114,0.11643835616438356,0.0684931506849315,0.06164383561643835,0.13013698630136986,0.22945205479452055,0.386986301369863,0.636986301369863,0.3561643835616438,0.3219178082191781,0.0547945205479452,21.13,pci_only_reuse_caution,138,6.16,False,HIGH
157.0,322,9,104.3382675,13.620256000000001,112.89490186335404,7.453416149068323,13.975155279503104,13.043478260869565,5.597217499999999,57.020661950000004,-101.3817,-9.089572,18.598888000000002,13.0,24.5,7.8106862,11.861210100000005,162.0,0.6966841150326797,-17.77095199,177.3749552,322,0.07534246575342465,0.3082191780821918,0.23972602739726026,0.2465753424657534,0.07876712328767123,0.02054794520547945,0.5753424657534246,0.08904109589041095,0.0547945205479452,0.773972602739726,20.17,pci_only_reuse_caution,139,5.48,False,HIGH
162.0,57,2,86.73043,23.804920000000003,83.30177226315614,3.508771929824561,12.280701754385964,12.280701754385964,2.8711224999999985,49.447803200040006,-86.85439,-9.621603,18.101175,12.0,20.0,3.840878,7.2524178,187.0,0.4874404255319149,-17.650013,177.44554747,57,0.1643835616438356,0.1506849315068493,0.2054794520547945,0.1917808219178082,0.1506849315068493,0.339041095890411,0.2054794520547945,0.11643835616438356,0.2808219178082192,0.1780821917808219,18.96,pci_only_reuse_caution,140,4.79,False,MEDIUM
188.0,174,2,115.607875,80.089331,108.84706470689655,1.7241379310344827,3.4482758620689653,2.2988505747126435,0.1598224999999971,34.92217400000001,-85.28380999999999,-9.586104,14.34367975,10.0,22.0,8.168568,10.5331089,136.5,0.7787165624999999,-17.59938043,177.459198025,174,0.0547945205479452,0.02054794520547945,0.0273972602739726,0.11643835616438356,0.3732876712328767,0.17123287671232876,0.6986301369863014,0.3424657534246575,0.2602739726027397,0.136986301369863,18.6,pci_only_reuse_caution,141,4.11,False,MEDIUM
149.0,740,11,92.365855,32.077768000000006,88.8157234943108,4.054054054054054,9.45945945945946,8.378378378378379,9.61395225,58.2723925,-84.949138,-9.407412,18.333576,14.0,24.0,3.9389473500000003,6.726907450000001,171.0,0.5617959869633524,-17.8070166,177.4181157,740,0.136986301369863,0.1095890410958904,0.15753424657534246,0.4315068493150685,0.017123287671232876,0.04452054794520548,0.2191780821917808,0.1095890410958904,0.1506849315068493,0.13013698630136986,15.34,pci_only_reuse_caution,142,3.42,False,HIGH
113.0,411,6,87.820595,33.608967,85.6114397810219,2.18978102189781,5.59610705596107,4.866180048661801,5.107504000000002,38.73004,-91.56113,-9.239583,16.68889,13.0,21.0,2.9691212,4.8046126,172.0,0.5257931481481481,-17.7702955,177.47475191,411,0.15753424657534246,0.08904109589041095,0.0684931506849315,0.23972602739726026,0.07876712328767123,0.2602739726027397,0.0821917808219178,0.1917808219178082,0.0958904109589041,0.3424657534246575,14.21,pci_only_reuse_caution,143,2.74,False,HIGH
156.0,254,3,92.90507,32.362545600000004,94.97750752362204,4.724409448818897,14.960629921259844,14.960629921259844,0.3294920000000019,76.28989545,-95.15101000000001,-8.6270165,22.373096,13.0,25.0,4.3648019,8.9657654,151.0,0.7139020824205915,-17.77439794,177.36821436,254,0.13013698630136986,0.10273972602739725,0.2671232876712329,0.1232876712328767,0.07876712328767123,0.0136986301369863,0.2876712328767123,0.02054794520547945,0.00684931506849315,0.5,14.12,pci_only_reuse_caution,144,2.05,False,HIGH
141.0,289,5,106.338295,48.3172912,109.27540495501731,0.34602076124567477,4.498269896193772,4.498269896193772,-10.131815000000003,43.534012499999974,-94.48618,-9.351479,17.495506,12.0,22.0,3.5075653,6.5261309999999995,187.0,0.5863104864864864,-17.60528946,177.4436471,289,0.0684931506849315,0.04794520547945205,0.03424657534246575,0.03424657534246575,0.1506849315068493,0.17123287671232876,0.136986301369863,0.1506849315068493,0.13013698630136986,0.4726027397260274,9.69,pci_only_reuse_caution,145,1.37,False,HIGH
316.0,139,2,97.120056,30.127480000000002,101.41330192805756,2.158273381294964,9.352517985611511,9.352517985611511,-11.652042000000009,31.52651399999999,-99.35459,-9.240026,19.676344,13.0,24.0,2.3672426,4.77322016,168.0,0.5959018032786886,-17.70166988,177.4312709,139,0.08904109589041095,0.11643835616438356,0.14383561643835616,0.0273972602739726,0.07876712328767123,0.04452054794520548,0.02054794520547945,0.03424657534246575,0.10273972602739725,0.6917808219178082,9.12,pci_only_reuse_caution,146,0.68,False,MEDIUM
