column,dtype,non_null,missing_pct,description
anomaly_id,object,6217,0.0,RCA handoff / anomaly evidence column
anomaly_episode_id,object,6217,0.0,RCA handoff / anomaly evidence column
source_index,int64,6217,0.0,RCA handoff / anomaly evidence column
id,object,6217,0.0,RCA handoff / anomaly evidence column
timestamp,"datetime64[ns, pytz.FixedOffset(120)]",6217,0.0,RCA handoff / anomaly evidence column
date,object,6217,0.0,RCA handoff / anomaly evidence column
hour,int32,6217,0.0,RCA handoff / anomaly evidence column
minute,int32,6217,0.0,RCA handoff / anomaly evidence column
id_route_test_label,object,6217,0.0,RCA handoff / anomaly evidence column
id_location_label,object,6217,0.0,RCA handoff / anomaly evidence column
id_test_type,object,6217,0.0,RCA handoff / anomaly evidence column
session_elapsed_seconds,float64,6217,0.0,RCA handoff / anomaly evidence column
sample_gap_seconds,float64,6119,1.576,RCA handoff / anomaly evidence column
anomaly_analysis_window_flag,bool,6217,0.0,RCA handoff / anomaly evidence column
download_activity_window_raw_flag,bool,6217,0.0,RCA handoff / anomaly evidence column
download_analysis_window_flag,bool,6217,0.0,RCA handoff / anomaly evidence column
inactive_download_context_flag,bool,6217,0.0,RCA handoff / anomaly evidence column
download_context_label,object,6217,0.0,RCA handoff / anomaly evidence column
latitude,float64,6217,0.0,RCA handoff / anomaly evidence column
longitude,float64,6217,0.0,RCA handoff / anomaly evidence column
speed,float64,6217,0.0,RCA handoff / anomaly evidence column
location_accuracy,float64,6217,0.0,RCA handoff / anomaly evidence column
altitude,float64,6217,0.0,RCA handoff / anomaly evidence column
distance_from_prev_m,float64,6119,1.576,RCA handoff / anomaly evidence column
serving_pci,float64,6217,0.0,RCA handoff / anomaly evidence column
serving_earfcn,float64,6217,0.0,RCA handoff / anomaly evidence column
serving_band,float64,6217,0.0,RCA handoff / anomaly evidence column
serving_eci,float64,6183,0.547,RCA handoff / anomaly evidence column
serving_enodebid,float64,6183,0.547,RCA handoff / anomaly evidence column
serving_lci,float64,6183,0.547,RCA handoff / anomaly evidence column
actual_lte_dl_throughput,float64,6217,0.0,RCA handoff / anomaly evidence column
expected_tp_p75,float64,6217,0.0,RCA handoff / anomaly evidence column
expected_tp_source_level,float64,6217,0.0,RCA handoff / anomaly evidence column
expected_tp_group_n,float64,6217,0.0,RCA handoff / anomaly evidence column
expected_tp_group_cols,object,6217,0.0,RCA handoff / anomaly evidence column
expected_tp_p75_ci_low,float64,6217,0.0,RCA handoff / anomaly evidence column
expected_tp_p75_ci_high,float64,6217,0.0,RCA handoff / anomaly evidence column
expected_tp_p75_ci_width,float64,6217,0.0,RCA handoff / anomaly evidence column
expected_tp_reliable_flag,bool,6217,0.0,RCA handoff / anomaly evidence column
expected_tp_confidence,object,6217,0.0,RCA handoff / anomaly evidence column
expected_tp_radio_p75,float64,6217,0.0,RCA handoff / anomaly evidence column
expected_tp_radio_source_level,float64,6217,0.0,RCA handoff / anomaly evidence column
expected_tp_radio_group_n,float64,6217,0.0,RCA handoff / anomaly evidence column
expected_tp_radio_group_cols,object,6217,0.0,RCA handoff / anomaly evidence column
expected_tp_radio_p75_ci_low,float64,6217,0.0,RCA handoff / anomaly evidence column
expected_tp_radio_p75_ci_high,float64,6217,0.0,RCA handoff / anomaly evidence column
expected_tp_radio_p75_ci_width,float64,6217,0.0,RCA handoff / anomaly evidence column
throughput_gap_p75_ci_low,float64,6217,0.0,RCA handoff / anomaly evidence column
throughput_ratio_p75_ci_low,float64,6217,0.0,RCA handoff / anomaly evidence column
expected_tp_rb_conditioned_p75,float64,6217,0.0,RCA handoff / anomaly evidence column
expected_tp_rb_source_level,float64,6217,0.0,RCA handoff / anomaly evidence column
expected_tp_rb_group_n,float64,6217,0.0,RCA handoff / anomaly evidence column
expected_tp_rb_group_cols,object,6217,0.0,RCA handoff / anomaly evidence column
expected_tp_rb_p75_ci_low,float64,6217,0.0,RCA handoff / anomaly evidence column
expected_tp_rb_p75_ci_high,float64,6217,0.0,RCA handoff / anomaly evidence column
expected_tp_rb_p75_ci_width,float64,6217,0.0,RCA handoff / anomaly evidence column
expected_tp_rb_reliable_flag,bool,6217,0.0,RCA handoff / anomaly evidence column
expected_tp_rb_confidence,object,6217,0.0,RCA handoff / anomaly evidence column
throughput_gap_rb_p75,float64,6217,0.0,RCA handoff / anomaly evidence column
throughput_ratio_rb_p75,float64,6217,0.0,RCA handoff / anomaly evidence column
log_residual_rb_p75,float64,6217,0.0,RCA handoff / anomaly evidence column
throughput_gap_rb_p75_ci_low,float64,6217,0.0,RCA handoff / anomaly evidence column
throughput_ratio_rb_p75_ci_low,float64,6217,0.0,RCA handoff / anomaly evidence column
underperform_vs_rb_p75_context_flag,bool,6217,0.0,RCA handoff / anomaly evidence column
underperform_vs_rb_p75_flag,bool,6217,0.0,RCA handoff / anomaly evidence column
independent_trigger_count,int64,6217,0.0,RCA handoff / anomaly evidence column
trigger_family_flags,object,6217,0.0,RCA handoff / anomaly evidence column
score_base_from_strongest_trigger,float64,6217,0.0,RCA handoff / anomaly evidence column
score_continuous_magnitude,float64,6217,0.0,RCA handoff / anomaly evidence column
score_independent_trigger_bonus,float64,6217,0.0,RCA handoff / anomaly evidence column
score_evidence_bonus,float64,6217,0.0,RCA handoff / anomaly evidence column
throughput_gap_p75,float64,6217,0.0,RCA handoff / anomaly evidence column
throughput_ratio_p75,float64,6217,0.0,RCA handoff / anomaly evidence column
log_residual_p75,float64,6217,0.0,RCA handoff / anomaly evidence column
rolling_median_tp,float64,6217,0.0,RCA handoff / anomaly evidence column
rolling_p25_tp,float64,6217,0.0,RCA handoff / anomaly evidence column
rolling_count,float64,6217,0.0,RCA handoff / anomaly evidence column
rolling_tp_gap,float64,6217,0.0,RCA handoff / anomaly evidence column
rolling_tp_ratio,float64,6217,0.0,RCA handoff / anomaly evidence column
prev_tp,float64,6069,2.381,RCA handoff / anomaly evidence column
tp_drop_from_prev,float64,6069,2.381,RCA handoff / anomaly evidence column
tp_ratio_to_prev,float64,6069,2.381,RCA handoff / anomaly evidence column
session_rows,int64,6217,0.0,RCA handoff / anomaly evidence column
session_mean_tp,float64,6217,0.0,RCA handoff / anomaly evidence column
session_median_tp,float64,6217,0.0,RCA handoff / anomaly evidence column
session_p10_tp_threshold,float64,6217,0.0,RCA handoff / anomaly evidence column
session_p25_tp,float64,6217,0.0,RCA handoff / anomaly evidence column
session_low_tp_ratio,float64,6217,0.0,RCA handoff / anomaly evidence column
anomaly_score_0_100,float64,6217,0.0,RCA handoff / anomaly evidence column
anomaly_severity,object,6217,0.0,RCA handoff / anomaly evidence column
anomaly_type,object,6217,0.0,RCA handoff / anomaly evidence column
anomaly_type_flags,object,6217,0.0,RCA handoff / anomaly evidence column
anomaly_method_count,int64,6217,0.0,RCA handoff / anomaly evidence column
context_flag_count,int64,6217,0.0,RCA handoff / anomaly evidence column
weak_low_rb_only_candidate_flag,bool,6217,0.0,RCA handoff / anomaly evidence column
rca_handoff_flag,bool,6217,0.0,RCA handoff / anomaly evidence column
lte_rsrp,float64,6217,0.0,RCA handoff / anomaly evidence column
lte_rsrq,float64,6217,0.0,RCA handoff / anomaly evidence column
lte_sinr,float64,6217,0.0,RCA handoff / anomaly evidence column
lte_rssi,float64,6217,0.0,RCA handoff / anomaly evidence column
lte_cqi,float64,6131,1.383,RCA handoff / anomaly evidence column
lte_mcs,float64,6216,0.016,RCA handoff / anomaly evidence column
lte_bler,float64,6216,0.016,RCA handoff / anomaly evidence column
lte_rank,float64,6126,1.464,RCA handoff / anomaly evidence column
lte_rb_count,float64,6216,0.016,RCA handoff / anomaly evidence column
lte_agg_rb_dl,float64,6217,0.0,RCA handoff / anomaly evidence column
lte_agg_rb_dl_bin,category,6217,0.0,RCA handoff / anomaly evidence column
lte_bandwidth_dl,float64,6216,0.016,RCA handoff / anomaly evidence column
lte_agg_bandwidth_dl,float64,6216,0.016,RCA handoff / anomaly evidence column
rb_usage_evidence_reliable_flag,bool,6217,0.0,RCA handoff / anomaly evidence column
reliable_rb_columns,object,6217,0.0,RCA handoff / anomaly evidence column
rb_reference_column,object,6217,0.0,RCA handoff / anomaly evidence column
rb_usage_value,float64,6217,0.0,RCA handoff / anomaly evidence column
rb_usage_bucket,object,6217,0.0,RCA handoff / anomaly evidence column
rb_demand_confidence,object,6217,0.0,RCA handoff / anomaly evidence column
estimated_available_rb,float64,6217,0.0,RCA handoff / anomaly evidence column
rb_capacity_estimation_method,object,6217,0.0,RCA handoff / anomaly evidence column
rb_utilization_pct,float64,6217,0.0,RCA handoff / anomaly evidence column
rb_low_usage_threshold,float64,6217,0.0,RCA handoff / anomaly evidence column
rb_medium_usage_threshold,float64,6217,0.0,RCA handoff / anomaly evidence column
rb_high_usage_threshold,float64,6217,0.0,RCA handoff / anomaly evidence column
rb_low_usage_flag,bool,6217,0.0,RCA handoff / anomaly evidence column
rb_medium_or_high_usage_flag,bool,6217,0.0,RCA handoff / anomaly evidence column
rb_high_usage_flag,bool,6217,0.0,RCA handoff / anomaly evidence column
throughput_per_rb,float64,6217,0.0,RCA handoff / anomaly evidence column
rb_efficiency_p10_threshold,float64,6217,0.0,RCA handoff / anomaly evidence column
low_rb_efficiency_high_rb_flag,bool,6217,0.0,RCA handoff / anomaly evidence column
rb_efficiency_family_flag,bool,6217,0.0,RCA handoff / anomaly evidence column
low_tp_low_rb_flag,bool,6217,0.0,RCA handoff / anomaly evidence column
p75_demand_confirmed_flag,bool,6217,0.0,RCA handoff / anomaly evidence column
p75_underperformance_demand_unknown_context_flag,bool,6217,0.0,RCA handoff / anomaly evidence column
score_low_rb_cap_applied_flag,bool,6217,0.0,RCA handoff / anomaly evidence column
catastrophic_score_allowed_flag,bool,6217,0.0,RCA handoff / anomaly evidence column
carrier_count,float64,6217,0.0,RCA handoff / anomaly evidence column
ca_condition_label,object,6217,0.0,RCA handoff / anomaly evidence column
scell1_rsrp,float64,4203,32.395,RCA handoff / anomaly evidence column
scell1_rsrq,float64,4200,32.443,RCA handoff / anomaly evidence column
scell1_sinr,float64,4203,32.395,RCA handoff / anomaly evidence column
scell1_cqi,float64,4013,35.451,RCA handoff / anomaly evidence column
scell1_mcs,float64,3652,41.258,RCA handoff / anomaly evidence column
scell1_bler,float64,3653,41.242,RCA handoff / anomaly evidence column
scell1_rb_count,float64,3653,41.242,RCA handoff / anomaly evidence column
neighbor_count,int64,6217,0.0,RCA handoff / anomaly evidence column
best_neighbor_rsrp,float64,6198,0.306,RCA handoff / anomaly evidence column
strong_neighbor_count,int64,6217,0.0,RCA handoff / anomaly evidence column
serving_minus_best_neighbor_rsrp,float64,6198,0.306,RCA handoff / anomaly evidence column
poor_rsrp_flag,bool,6217,0.0,RCA handoff / anomaly evidence column
poor_rsrq_flag,bool,6217,0.0,RCA handoff / anomaly evidence column
poor_sinr_flag,bool,6217,0.0,RCA handoff / anomaly evidence column
high_bler_flag,bool,6217,0.0,RCA handoff / anomaly evidence column
low_cqi_flag,bool,6217,0.0,RCA handoff / anomaly evidence column
low_rb_allocation_flag,bool,6217,0.0,RCA handoff / anomaly evidence column
low_tp_fixed_flag,bool,6217,0.0,RCA handoff / anomaly evidence column
low_tp_global_p10_flag,bool,6217,0.0,RCA handoff / anomaly evidence column
low_tp_session_p10_flag,bool,6217,0.0,RCA handoff / anomaly evidence column
low_tp_robust_z_flag,bool,6217,0.0,RCA handoff / anomaly evidence column
low_tp_iqr_flag,bool,6217,0.0,RCA handoff / anomaly evidence column
rolling_drop_flag,bool,6217,0.0,RCA handoff / anomaly evidence column
rolling_bad_window_flag,bool,6217,0.0,RCA handoff / anomaly evidence column
rolling_sustained_degradation_flag,bool,6217,0.0,RCA handoff / anomaly evidence column
bad_session_flag,bool,6217,0.0,RCA handoff / anomaly evidence column
bad_session_sample_flag,bool,6217,0.0,RCA handoff / anomaly evidence column
sudden_drop_flag,bool,6217,0.0,RCA handoff / anomaly evidence column
underperform_vs_p75_context_flag,bool,6217,0.0,RCA handoff / anomaly evidence column
underperform_vs_p75_flag,bool,6217,0.0,RCA handoff / anomaly evidence column
unexpected_underperformance_flag,bool,6217,0.0,RCA handoff / anomaly evidence column
radio_limited_degradation_flag,bool,6217,0.0,RCA handoff / anomaly evidence column
ca_active_flag,bool,6217,0.0,RCA handoff / anomaly evidence column
ca_underperformance_flag,bool,6217,0.0,RCA handoff / anomaly evidence column
event_related_degradation_flag,bool,6217,0.0,RCA handoff / anomaly evidence column
rach_failure_direct_flag,bool,6217,0.0,RCA handoff / anomaly evidence column
rach_result,object,4613,25.8,RCA handoff / anomaly evidence column
rach_reason,object,4613,25.8,RCA handoff / anomaly evidence column
rach_latency,float64,4608,25.881,RCA handoff / anomaly evidence column
any_event_count_pm30s,int64,6217,0.0,RCA handoff / anomaly evidence column
near_any_event_flag,bool,6217,0.0,RCA handoff / anomaly evidence column
measurement_report_event_count_pm5s,int64,6217,0.0,RCA handoff / anomaly evidence column
near_measurement_report_event_flag,bool,6217,0.0,RCA handoff / anomaly evidence column
handover_execution_count_pm5s,int64,6217,0.0,RCA handoff / anomaly evidence column
near_handover_execution_flag,bool,6217,0.0,RCA handoff / anomaly evidence column
handover_failure_count_pm10s,int64,6217,0.0,RCA handoff / anomaly evidence column
near_handover_failure_flag,bool,6217,0.0,RCA handoff / anomaly evidence column
rach_attempt_count_pm10s,int64,6217,0.0,RCA handoff / anomaly evidence column
near_rach_attempt_flag,bool,6217,0.0,RCA handoff / anomaly evidence column
rach_failure_count_pm10s,int64,6217,0.0,RCA handoff / anomaly evidence column
near_rach_failure_flag,bool,6217,0.0,RCA handoff / anomaly evidence column
ca_activation_change_count_pm10s,int64,6217,0.0,RCA handoff / anomaly evidence column
near_ca_activation_change_flag,bool,6217,0.0,RCA handoff / anomaly evidence column
failure_other_count_pm10s,int64,6217,0.0,RCA handoff / anomaly evidence column
near_failure_other_flag,bool,6217,0.0,RCA handoff / anomaly evidence column
low_tp_family_flag,bool,6217,0.0,RCA handoff / anomaly evidence column
temporal_drop_family_flag,bool,6217,0.0,RCA handoff / anomaly evidence column
expected_tp_family_flag,bool,6217,0.0,RCA handoff / anomaly evidence column
score_fixed_low_tp,float64,6217,0.0,RCA handoff / anomaly evidence column
score_global_p10_low_tp,float64,6217,0.0,RCA handoff / anomaly evidence column
score_session_p10_low_tp,float64,6217,0.0,RCA handoff / anomaly evidence column
score_robust_z_low_tp,float64,6217,0.0,RCA handoff / anomaly evidence column
score_iqr_low_tp,float64,6217,0.0,RCA handoff / anomaly evidence column
score_rolling_drop,float64,6217,0.0,RCA handoff / anomaly evidence column
score_rolling_bad_window,float64,6217,0.0,RCA handoff / anomaly evidence column
score_bad_session,float64,6217,0.0,RCA handoff / anomaly evidence column
score_sudden_drop,float64,6217,0.0,RCA handoff / anomaly evidence column
score_group_p75_gap,float64,6217,0.0,RCA handoff / anomaly evidence column
score_group_rb_p75_gap,float64,6217,0.0,RCA handoff / anomaly evidence column
score_rb_efficiency,float64,6217,0.0,RCA handoff / anomaly evidence column
score_magnitude_ratio_severity,float64,6217,0.0,RCA handoff / anomaly evidence column
score_magnitude_gap_severity,float64,6217,0.0,RCA handoff / anomaly evidence column
score_magnitude_low_tp_severity,float64,6217,0.0,RCA handoff / anomaly evidence column
score_magnitude_drop_severity,float64,6217,0.0,RCA handoff / anomaly evidence column
score_magnitude_rb_efficiency,float64,6217,0.0,RCA handoff / anomaly evidence column
score_raw_before_caps,float64,6217,0.0,RCA handoff / anomaly evidence column
anomaly_score_raw_0_100,float64,6217,0.0,RCA handoff / anomaly evidence column
score_after_low_rb_cap,float64,6217,0.0,RCA handoff / anomaly evidence column
rca_status,object,6217,0.0,RCA handoff / anomaly evidence column
rca_decision_placeholder,object,6217,0.0,RCA handoff / anomaly evidence column
